<?xml version="1.0" ?>
<route id="14" town="Town12">
  <weathers>
    <weather route_percentage="0" cloudiness="60.0" precipitation="60.0" precipitation_deposits="60.0" wetness="0.0" wind_intensity="60.0" sun_azimuth_angle="-1.0" sun_altitude_angle="45.0" fog_density="3.0"/>
    <weather route_percentage="100" cloudiness="80.0" precipitation="0.0" precipitation_deposits="50.0" wetness="20.0" wind_intensity="10.0" sun_azimuth_angle="-1.0" sun_altitude_angle="45.0" fog_density="3.0"/>
  </weathers>
  <waypoints>
    <position x="634.9" y="4082.8" z="370.8"/>
    <position x="461.6" y="4232.8" z="370.7"/>
    <position x="636.2" y="4513.5" z="369.3"/>
  </waypoints>
  <scenarios>
    <scenario name="PedestrianCrossing_4" type="PedestrianCrossing">
      <trigger_point x="461.5" y="4225.6" z="370.7" yaw="89.7"/>
    </scenario>
  </scenarios>
</route>