<?xml version="1.0" ?>
<route id="2" town="Town12">
  <weathers>
    <weather route_percentage="0" cloudiness="60.0" precipitation="60.0" precipitation_deposits="60.0" wetness="0.0" wind_intensity="60.0" sun_azimuth_angle="-1.0" sun_altitude_angle="45.0" fog_density="3.0"/>
    <weather route_percentage="100" cloudiness="80.0" precipitation="0.0" precipitation_deposits="50.0" wetness="20.0" wind_intensity="10.0" sun_azimuth_angle="-1.0" sun_altitude_angle="45.0" fog_density="3.0"/>
  </weathers>
  <waypoints>
    <position x="-515.7" y="4294.2" z="374.0"/>
    <position x="-407.9" y="4303.3" z="373.8"/>
    <position x="137.5" y="4300.1" z="371.7"/>
  </waypoints>
  <scenarios>
    <scenario name="ParkedObstacle_1" type="ParkedObstacle">
      <trigger_point x="-434.9" y="4303.4" z="373.9" yaw="-0.3"/>
      <distance value="50"/>
      <speed value="60"/>
    </scenario>
  </scenarios>
</route>