<?xml version="1.0" ?>
<route id="11" town="Town12">
  <weathers>
    <weather route_percentage="0" cloudiness="5.0" precipitation="0.0" precipitation_deposits="50.0" wetness="0.0" wind_intensity="10.0" sun_azimuth_angle="-1.0" sun_altitude_angle="15.0" fog_density="10.0"/>
    <weather route_percentage="100" cloudiness="5.0" precipitation="0.0" precipitation_deposits="0.0" wetness="0.0" wind_intensity="10.0" sun_azimuth_angle="-1.0" sun_altitude_angle="45.0" fog_density="2.0"/>
  </weathers>
  <waypoints>
    <position x="626.3" y="3920.2" z="371.3"/>
    <position x="863.4" y="3983.6" z="370.2"/>
    <position x="827.9" y="4204.6" z="369.2"/>
  </waypoints>
  <scenarios>
    <scenario name="Accident_2" type="Accident">
      <trigger_point x="852.9" y="4049.3" z="370.0" yaw="99.1"/>
      <distance value="50"/>
    </scenario>
  </scenarios>
</route>