<?xml version="1.0" ?>
<route id="10" town="Town12">
  <weathers>
    <weather route_percentage="0" cloudiness="60.0" precipitation="60.0" precipitation_deposits="60.0" wetness="0.0" wind_intensity="60.0" sun_azimuth_angle="-1.0" sun_altitude_angle="45.0" fog_density="3.0"/>
    <weather route_percentage="100" cloudiness="80.0" precipitation="0.0" precipitation_deposits="50.0" wetness="20.0" wind_intensity="10.0" sun_azimuth_angle="-1.0" sun_altitude_angle="45.0" fog_density="3.0"/>
  </weathers>
  <waypoints>
    <position x="3183.9" y="4942.4" z="367.5"/>
    <position x="3203.2" y="4827.4" z="367.2"/>
    <position x="3154.6" y="4761.9" z="367.2"/>
  </waypoints>
  <scenarios>
    <scenario name="SignalizedJunctionLeftTurn_1" type="SignalizedJunctionLeftTurn">
      <trigger_point x="3204.2" y="4821.3" z="367.2" yaw="279.1"/>
      <flow_speed value="12"/>
      <source_dist_interval from="20" to="55"/>
    </scenario>
  </scenarios>
</route>