<?xml version="1.0" ?>
<route id="1" town="Town12">
  <weathers>
    <weather route_percentage="0" cloudiness="20.0" precipitation="30.0" precipitation_deposits="50.0" wetness="0.0" wind_intensity="30.0" sun_azimuth_angle="-1.0" sun_altitude_angle="45.0" fog_density="3.0"/>
    <weather route_percentage="100" cloudiness="60.0" precipitation="60.0" precipitation_deposits="60.0" wetness="0.0" wind_intensity="60.0" sun_azimuth_angle="-1.0" sun_altitude_angle="45.0" fog_density="3.0"/>
  </weathers>
  <waypoints>
    <position x="-1303.5" y="3607.3" z="354.0"/>
    <position x="-1264.0" y="3269.7" z="347.0"/>
    <position x="-1130.8" y="3718.0" z="354.0"/>
  </waypoints>
  <scenarios>
    <scenario name="InvadingTurn_2" type="InvadingTurn">
      <trigger_point x="-1236.1" y="3407.9" z="349.4" yaw="80.5"/>
      <offset value="0.3"/>
    </scenario>
  </scenarios>
</route>