<?xml version="1.0" ?>
<route id="1" town="Town12">
  <weathers>
    <weather route_percentage="0" cloudiness="20.0" precipitation="30.0" precipitation_deposits="50.0" wetness="0.0" wind_intensity="30.0" sun_azimuth_angle="-1.0" sun_altitude_angle="45.0" fog_density="3.0"/>
    <weather route_percentage="100" cloudiness="60.0" precipitation="60.0" precipitation_deposits="60.0" wetness="0.0" wind_intensity="60.0" sun_azimuth_angle="-1.0" sun_altitude_angle="45.0" fog_density="3.0"/>
  </weathers>
  <waypoints>
    <position x="-1130.8" y="3838.9" z="354.0"/>
    <position x="-1130.8" y="3947.5" z="355.0"/>
    <position x="-1214.2" y="4065.4" z="358.0"/>
  </waypoints>
  <scenarios>
    <scenario name="SignalizedJunctionRightTurn_1" type="SignalizedJunctionRightTurn">
      <trigger_point x="-1131.2" y="4018.1" z="356" yaw="90"/>
      <flow_speed value="13"/>
      <source_dist_interval from="40" to="75"/>
    </scenario>
  </scenarios>
</route>