<?xml version="1.0" ?>
<route id="10" town="Town12">
  <weathers>
    <weather route_percentage="0" cloudiness="60.0" precipitation="60.0" precipitation_deposits="60.0" wetness="0.0" wind_intensity="60.0" sun_azimuth_angle="-1.0" sun_altitude_angle="45.0" fog_density="3.0"/>
    <weather route_percentage="100" cloudiness="80.0" precipitation="0.0" precipitation_deposits="50.0" wetness="20.0" wind_intensity="10.0" sun_azimuth_angle="-1.0" sun_altitude_angle="45.0" fog_density="3.0"/>
  </weathers>
  <waypoints>
    <position x="2841.9" y="4168.5" z="359.5"/>
    <position x="3149.5" y="4287.9" z="363.0"/>
    <position x="3086.8" y="4281.0" z="362.2"/>
  </waypoints>
  <scenarios>
    <scenario name="PedestrianCrossing_2" type="PedestrianCrossing">
      <trigger_point x="3291.8" y="4259.9" z="364.5" yaw="98.9"/>
    </scenario>
  </scenarios>
</route>