<?xml version="1.0" ?>
<route id="13" town="Town12">
  <weathers>
    <weather route_percentage="0" cloudiness="20.0" precipitation="30.0" precipitation_deposits="50.0" wetness="0.0" wind_intensity="30.0" sun_azimuth_angle="-1.0" sun_altitude_angle="45.0" fog_density="3.0"/>
    <weather route_percentage="100" cloudiness="60.0" precipitation="60.0" precipitation_deposits="60.0" wetness="0.0" wind_intensity="60.0" sun_azimuth_angle="-1.0" sun_altitude_angle="45.0" fog_density="3.0"/>
  </weathers>
  <waypoints>
    <position x="3220.4" y="4720.0" z="367.1"/>
    <position x="3261.2" y="4468.7" z="365.7"/>
    <position x="3412.2" y="4340.3" z="366.5"/>
  </waypoints>
  <scenarios>
    <scenario name="PedestrianCrossing_1" type="PedestrianCrossing">
      <trigger_point x="3274.1" y="4389.6" z="365.2" yaw="279.2"/>
    </scenario>
  </scenarios>
</route>