<?xml version="1.0" ?>
<route id="12" town="Town12">
  <weathers>
    <weather route_percentage="0" cloudiness="5.0" precipitation="0.0" precipitation_deposits="0.0" wetness="0.0" wind_intensity="10.0" sun_azimuth_angle="-1.0" sun_altitude_angle="90.0" fog_density="2.0"/>
    <weather route_percentage="100" cloudiness="5.0" precipitation="0.0" precipitation_deposits="0.0" wetness="0.0" wind_intensity="10.0" sun_azimuth_angle="-1.0" sun_altitude_angle="15.0" fog_density="2.0"/>
  </weathers>
  <waypoints>
    <position x="402.7" y="6108.6" z="358.6"/>
    <position x="177.7" y="6267.1" z="357.6"/>
    <position x="-274.9" y="6340.0" z="357.1"/>
  </waypoints>
  <scenarios>
    <scenario name="ParkedObstacle_4" type="ParkedObstacle">
      <trigger_point x="267.7" y="6203.7" z="358.4" yaw="144.8"/>
      <distance value="80"/>
      <direction value="left"/>
      <speed value="50"/>
    </scenario>
  </scenarios>
</route>