<?xml version="1.0" ?>
<route id="12" town="Town12">
  <weathers>
    <weather route_percentage="0" cloudiness="5.0" precipitation="0.0" precipitation_deposits="0.0" wetness="0.0" wind_intensity="10.0" sun_azimuth_angle="-1.0" sun_altitude_angle="90.0" fog_density="2.0"/>
    <weather route_percentage="100" cloudiness="5.0" precipitation="0.0" precipitation_deposits="0.0" wetness="0.0" wind_intensity="10.0" sun_azimuth_angle="-1.0" sun_altitude_angle="15.0" fog_density="2.0"/>
  </weathers>
  <waypoints>
    <position x="783.4" y="4909.4" z="370.8"/>
    <position x="820.0" y="5002.3" z="371.2"/>
    <position x="984.1" y="5123.9" z="371.6"/>
  </waypoints>
  <scenarios>
    <scenario name="ParkedObstacle_1" type="ParkedObstacle">
      <trigger_point x="850.9" y="5001.1" z="371.3" yaw="358.3"/>
      <distance value="50"/>
    </scenario>
  </scenarios>
</route>