<?xml version="1.0" ?>
<route id="14" town="Town12">
  <weathers>
    <weather route_percentage="0" cloudiness="60.0" precipitation="60.0" precipitation_deposits="60.0" wetness="0.0" wind_intensity="60.0" sun_azimuth_angle="-1.0" sun_altitude_angle="45.0" fog_density="3.0"/>
    <weather route_percentage="100" cloudiness="80.0" precipitation="0.0" precipitation_deposits="50.0" wetness="20.0" wind_intensity="10.0" sun_azimuth_angle="-1.0" sun_altitude_angle="45.0" fog_density="3.0"/>
  </weathers>
  <waypoints>
    <position x="-231.1" y="5241.1" z="373.0"/>
    <position x="62.8" y="5218.2" z="370.5"/>
    <position x="180.7" y="5328.7" z="368.2"/>
  </waypoints>
  <scenarios>
    <scenario name="VehicleTurningRoute_5" type="VehicleTurningRoute">
      <trigger_point x="94.0" y="5204.8" z="370.2" yaw="-23.3"/>
    </scenario>
  </scenarios>
</route>