<?xml version="1.0" ?>
<route id="3" town="Town12">
  <weathers>
    <weather route_percentage="0" cloudiness="5.0" precipitation="0.0" precipitation_deposits="50.0" wetness="0.0" wind_intensity="10.0" sun_azimuth_angle="-1.0" sun_altitude_angle="15.0" fog_density="10.0"/>
    <weather route_percentage="100" cloudiness="5.0" precipitation="0.0" precipitation_deposits="0.0" wetness="0.0" wind_intensity="10.0" sun_azimuth_angle="-1.0" sun_altitude_angle="45.0" fog_density="2.0"/>
  </weathers>
  <waypoints>
    <position x="1080.4" y="4141.4" z="366.6"/>
    <position x="1114.8" y="3926.8" z="367.3"/>
    <position x="1043.0" y="3715.1" z="369.2"/>
  </waypoints>
  <scenarios>
    <scenario name="VehicleOpensDoorTwoWays_1" type="VehicleOpensDoorTwoWays">
      <trigger_point x="1132.4" y="3822.5" z="367.4" yaw="279.5"/>
      <distance value="40"/>
      <frequency from="25" to="90"/>
    </scenario>
  </scenarios>
</route>