<?xml version="1.0" ?>
<route id="12" town="Town12">
  <weathers>
    <weather route_percentage="0" cloudiness="5.0" precipitation="0.0" precipitation_deposits="0.0" wetness="0.0" wind_intensity="10.0" sun_azimuth_angle="-1.0" sun_altitude_angle="90.0" fog_density="2.0"/>
    <weather route_percentage="100" cloudiness="5.0" precipitation="0.0" precipitation_deposits="0.0" wetness="0.0" wind_intensity="10.0" sun_azimuth_angle="-1.0" sun_altitude_angle="15.0" fog_density="2.0"/>
  </weathers>
  <waypoints>
    <position x="1087.7" y="5585.1" z="370.3"/>
    <position x="1176.5" y="5450.7" z="370.6"/>
    <position x="1176.3" y="5160.0" z="371.3"/>
  </waypoints>
  <scenarios>
    <scenario name="VehicleOpensDoorTwoWays_5" type="VehicleOpensDoorTwoWays">
      <trigger_point x="1176.6" y="5539.8" z="370.3" yaw="269.9"/>
      <distance value="60"/>
      <frequency from="35" to="100"/>
    </scenario>
  </scenarios>
</route>