<?xml version="1.0" ?>
<route id="2" town="Town12">
  <weathers>
    <weather route_percentage="0" cloudiness="60.0" precipitation="60.0" precipitation_deposits="60.0" wetness="0.0" wind_intensity="60.0" sun_azimuth_angle="-1.0" sun_altitude_angle="45.0" fog_density="3.0"/>
    <weather route_percentage="100" cloudiness="80.0" precipitation="0.0" precipitation_deposits="50.0" wetness="20.0" wind_intensity="10.0" sun_azimuth_angle="-1.0" sun_altitude_angle="45.0" fog_density="3.0"/>
  </weathers>
  <waypoints>
    <position x="251.5" y="4249.7" z="371.1"/>
    <position x="249.2" y="4035.5" z="368.7"/>
    <position x="248.9" y="3856.1" z="364.2"/>
  </waypoints>
  <scenarios>
    <scenario name="ParkingCutIn_6" type="ParkingCutIn">
      <trigger_point x="249.3" y="4060.8" z="369.3" yaw="-90.2"/>
    </scenario>
  </scenarios>
</route>