<?xml version="1.0" ?>
<route id="3" town="Town12">
  <weathers>
    <weather route_percentage="0" cloudiness="5.0" precipitation="0.0" precipitation_deposits="50.0" wetness="0.0" wind_intensity="10.0" sun_azimuth_angle="-1.0" sun_altitude_angle="15.0" fog_density="10.0"/>
    <weather route_percentage="100" cloudiness="5.0" precipitation="0.0" precipitation_deposits="0.0" wetness="0.0" wind_intensity="10.0" sun_azimuth_angle="-1.0" sun_altitude_angle="45.0" fog_density="2.0"/>
  </weathers>
  <waypoints>
    <position x="183.2" y="3812.6" z="364.0"/>
    <position x="356.0" y="3753.5" z="367.9"/>
    <position x="300.6" y="3595.3" z="364.8"/>
  </waypoints>
  <scenarios>
    <scenario name="ParkingCutIn_9" type="ParkingCutIn">
      <trigger_point x="355.9" y="3682.2" z="367.5" yaw="-90.0"/>
      <direction value="right"/>
    </scenario>
  </scenarios>
</route>