<?xml version="1.0" ?>
<route id="1" town="Town12">
  <weathers>
    <weather route_percentage="0" cloudiness="20.0" precipitation="30.0" precipitation_deposits="50.0" wetness="0.0" wind_intensity="30.0" sun_azimuth_angle="-1.0" sun_altitude_angle="45.0" fog_density="3.0"/>
    <weather route_percentage="100" cloudiness="60.0" precipitation="60.0" precipitation_deposits="60.0" wetness="0.0" wind_intensity="60.0" sun_azimuth_angle="-1.0" sun_altitude_angle="45.0" fog_density="3.0"/>
  </weathers>
  <waypoints>
    <position x="-1226.6" y="3796.2" z="354.0"/>
    <position x="-1494.4" y="3794.2" z="362.0"/>
    <position x="-1678.8" y="3850.8" z="363.0"/>
  </waypoints>
  <scenarios>
    <scenario name="NonSignalizedJunctionLeftTurn_2" type="NonSignalizedJunctionLeftTurn">
      <trigger_point x="-1467.5" y="3838.7" z="362.3" yaw="269.7"/>
      <flow_speed value="10"/>
      <source_dist_interval from="10" to="40"/>
    </scenario>
  </scenarios>
</route>