<?xml version="1.0" ?>
<route id="11" town="Town12">
  <weathers>
    <weather route_percentage="0" cloudiness="5.0" precipitation="0.0" precipitation_deposits="50.0" wetness="0.0" wind_intensity="10.0" sun_azimuth_angle="-1.0" sun_altitude_angle="15.0" fog_density="10.0"/>
    <weather route_percentage="100" cloudiness="5.0" precipitation="0.0" precipitation_deposits="0.0" wetness="0.0" wind_intensity="10.0" sun_azimuth_angle="-1.0" sun_altitude_angle="45.0" fog_density="2.0"/>
  </weathers>
  <waypoints>
    <position x="41.8" y="3923.0" z="369.3"/>
    <position x="362.8" y="3921.5" z="368.3"/>
    <position x="626.3" y="3920.2" z="371.3"/>
  </waypoints>
  <scenarios>
    <scenario name="ParkedObstacle_1" type="ParkedObstacle">
      <trigger_point x="277.6" y="3921.9" z="365.5" yaw="-0.3"/>
      <distance value="70"/>
      <direction value="right"/>
      <speed value="60"/>
    </scenario>
  </scenarios>
</route>