<?xml version="1.0" ?>
<route id="11" town="Town12">
  <weathers>
    <weather route_percentage="0" cloudiness="5.0" precipitation="0.0" precipitation_deposits="50.0" wetness="0.0" wind_intensity="10.0" sun_azimuth_angle="-1.0" sun_altitude_angle="15.0" fog_density="10.0"/>
    <weather route_percentage="100" cloudiness="5.0" precipitation="0.0" precipitation_deposits="0.0" wetness="0.0" wind_intensity="10.0" sun_azimuth_angle="-1.0" sun_altitude_angle="45.0" fog_density="2.0"/>
  </weathers>
  <waypoints>
    <position x="-600.2" y="4294.7" z="373.6"/>
    <position x="-829.8" y="4425.2" z="369.4"/>
    <position x="-944.6" y="4634.6" z="365.1"/>
  </waypoints>
  <scenarios>
    <scenario name="SignalizedJunctionRightTurn_2" type="SignalizedJunctionRightTurn">
      <trigger_point x="-829.8" y="4436.9" z="369.5" yaw="89.9"/>
      <flow_speed value="14"/>
      <source_dist_interval from="15" to="65"/>
    </scenario>
  </scenarios>
</route>