<?xml version="1.0" ?>
<route id="3" town="Town12">
  <weathers>
    <weather route_percentage="0" cloudiness="5.0" precipitation="0.0" precipitation_deposits="50.0" wetness="0.0" wind_intensity="10.0" sun_azimuth_angle="-1.0" sun_altitude_angle="15.0" fog_density="10.0"/>
    <weather route_percentage="100" cloudiness="5.0" precipitation="0.0" precipitation_deposits="0.0" wetness="0.0" wind_intensity="10.0" sun_azimuth_angle="-1.0" sun_altitude_angle="45.0" fog_density="2.0"/>
  </weathers>
  <waypoints>
    <position x="248.8" y="4245.7" z="371.1"/>
    <position x="344.1" y="4514.1" z="370.6"/>
    <position x="791.0" y="4572.8" z="368.2"/>
  </waypoints>
  <scenarios>
    <scenario name="VehicleOpensDoorTwoWays_3" type="VehicleOpensDoorTwoWays">
      <trigger_point x="249.3" y="4429.1" z="371.1" yaw="90.0"/>
      <direction value="right"/>
      <frequency from="40" to="95"/>
    </scenario>
  </scenarios>
</route>