<?xml version="1.0" ?>
<route id="0" town="Town12">
  <weathers>
    <weather route_percentage="0" cloudiness="5.0" precipitation="0.0" precipitation_deposits="0.0" wetness="0.0" wind_intensity="10.0" sun_azimuth_angle="-1.0" sun_altitude_angle="90.0" fog_density="2.0"/>
    <weather route_percentage="100" cloudiness="5.0" precipitation="0.0" precipitation_deposits="0.0" wetness="0.0" wind_intensity="10.0" sun_azimuth_angle="-1.0" sun_altitude_angle="15.0" fog_density="2.0"/>
  </weathers>
  <waypoints>
    <position x="-264.6" y="6019.4" z="360.0"/>
    <position x="-297.9" y="5816.4" z="366.0"/>
    <position x="-421.5" y="5871.9" z="367.0"/>
  </waypoints>
  <scenarios>
    <scenario name="NonSignalizedJunctionLeftTurn_2" type="NonSignalizedJunctionLeftTurn">
      <trigger_point x="-347.2" y="5816.8" z="367" yaw="178"/>
      <flow_speed value="8.3"/>
      <source_dist_interval from="25" to="40"/>
    </scenario>
  </scenarios>
</route>