<?xml version="1.0" ?>
<route id="12" town="Town12">
  <weathers>
    <weather route_percentage="0" cloudiness="5.0" precipitation="0.0" precipitation_deposits="0.0" wetness="0.0" wind_intensity="10.0" sun_azimuth_angle="-1.0" sun_altitude_angle="90.0" fog_density="2.0"/>
    <weather route_percentage="100" cloudiness="5.0" precipitation="0.0" precipitation_deposits="0.0" wetness="0.0" wind_intensity="10.0" sun_azimuth_angle="-1.0" sun_altitude_angle="15.0" fog_density="2.0"/>
  </weathers>
  <waypoints>
    <position x="1889.0" y="6034.4" z="367.9"/>
    <position x="1585.5" y="6035.1" z="367.4"/>
    <position x="1297.2" y="6035.8" z="366.7"/>
  </waypoints>
  <scenarios>
    <scenario name="ConstructionObstacle_5" type="ConstructionObstacle">
      <trigger_point x="1482.4" y="6035.3" z="368.0" yaw="179.9"/>
      <distance value="70"/>
      <direction value="left"/>
      <speed value="50"/>
    </scenario>
  </scenarios>
</route>