<?xml version="1.0" ?>
<route id="14" town="Town12">
  <weathers>
    <weather route_percentage="0" cloudiness="60.0" precipitation="60.0" precipitation_deposits="60.0" wetness="0.0" wind_intensity="60.0" sun_azimuth_angle="-1.0" sun_altitude_angle="45.0" fog_density="3.0"/>
    <weather route_percentage="100" cloudiness="80.0" precipitation="0.0" precipitation_deposits="50.0" wetness="20.0" wind_intensity="10.0" sun_azimuth_angle="-1.0" sun_altitude_angle="45.0" fog_density="3.0"/>
  </weathers>
  <waypoints>
    <position x="359.3" y="5258.5" z="368.2"/>
    <position x="186.4" y="5334.5" z="368.1"/>
    <position x="-61.9" y="5118.6" z="372.3"/>
  </waypoints>
  <scenarios>
    <scenario name="VehicleTurningRoute_4" type="VehicleTurningRoute">
      <trigger_point x="282.8" y="5403.1" z="366.9" yaw="159.7"/>
    </scenario>
  </scenarios>
</route>