<?xml version="1.0" ?>
<route id="0" town="Town12">
  <weathers>
    <weather route_percentage="0" cloudiness="5.0" precipitation="0.0" precipitation_deposits="0.0" wetness="0.0" wind_intensity="10.0" sun_azimuth_angle="-1.0" sun_altitude_angle="90.0" fog_density="2.0"/>
    <weather route_percentage="100" cloudiness="5.0" precipitation="0.0" precipitation_deposits="0.0" wetness="0.0" wind_intensity="10.0" sun_azimuth_angle="-1.0" sun_altitude_angle="15.0" fog_density="2.0"/>
  </weathers>
  <waypoints>
    <position x="-414.4" y="5056.2" z="375.0"/>
    <position x="-222.5" y="4944.1" z="374.0"/>
    <position x="-223.4" y="4834.8" z="374.0"/>
  </waypoints>
  <scenarios>
    <scenario name="InvadingTurn_3" type="InvadingTurn">
      <trigger_point x="-243.1" y="4950.4" z="373.8" yaw="350.5"/>
      <distance value="90"/>
      <offset value="0.2"/>
    </scenario>
  </scenarios>
</route>