<?xml version="1.0" ?>
<route id="10" town="Town12">
  <weathers>
    <weather route_percentage="0" cloudiness="60.0" precipitation="60.0" precipitation_deposits="60.0" wetness="0.0" wind_intensity="60.0" sun_azimuth_angle="-1.0" sun_altitude_angle="45.0" fog_density="3.0"/>
    <weather route_percentage="100" cloudiness="80.0" precipitation="0.0" precipitation_deposits="50.0" wetness="20.0" wind_intensity="10.0" sun_azimuth_angle="-1.0" sun_altitude_angle="45.0" fog_density="3.0"/>
  </weathers>
  <waypoints>
    <position x="3086.8" y="4281.0" z="362.2"/>
    <position x="3039.2" y="4361.3" z="362.6"/>
    <position x="3113.6" y="4522.2" z="365.0"/>
  </waypoints>
  <scenarios>
    <scenario name="ParkingCutIn_2" type="ParkingCutIn">
      <trigger_point x="3040.0" y="4356.2" z="362.6" yaw="98.9"/>
      <direction value="right"/>
    </scenario>
  </scenarios>
</route>