<?xml version="1.0" ?>
<route id="12" town="Town12">
  <weathers>
    <weather route_percentage="0" cloudiness="5.0" precipitation="0.0" precipitation_deposits="0.0" wetness="0.0" wind_intensity="10.0" sun_azimuth_angle="-1.0" sun_altitude_angle="90.0" fog_density="2.0"/>
    <weather route_percentage="100" cloudiness="5.0" precipitation="0.0" precipitation_deposits="0.0" wetness="0.0" wind_intensity="10.0" sun_azimuth_angle="-1.0" sun_altitude_angle="15.0" fog_density="2.0"/>
  </weathers>
  <waypoints>
    <position x="177.7" y="6267.1" z="357.6"/>
    <position x="-274.9" y="6340.0" z="357.1"/>
    <position x="-669.1" y="6342.0" z="360.0"/>
  </waypoints>
  <scenarios>
    <scenario name="ConstructionObstacle_7" type="ConstructionObstacle">
      <trigger_point x="-398.6" y="6340.6" z="357.7" yaw="179.7"/>
      <distance value="100"/>
      <direction value="left"/>
      <speed value="60"/>
    </scenario>
  </scenarios>
</route>