<?xml version="1.0" ?>
<route id="10" town="Town12">
  <weathers>
    <weather route_percentage="0" cloudiness="60.0" precipitation="60.0" precipitation_deposits="60.0" wetness="0.0" wind_intensity="60.0" sun_azimuth_angle="-1.0" sun_altitude_angle="45.0" fog_density="3.0"/>
    <weather route_percentage="100" cloudiness="80.0" precipitation="0.0" precipitation_deposits="50.0" wetness="20.0" wind_intensity="10.0" sun_azimuth_angle="-1.0" sun_altitude_angle="45.0" fog_density="3.0"/>
  </weathers>
  <waypoints>
    <position x="3154.6" y="4761.9" z="367.2"/>
    <position x="2988.6" y="4697.8" z="366.1"/>
    <position x="2962.5" y="4610.7" z="365.0"/>
  </waypoints>
  <scenarios>
    <scenario name="PedestrianCrossing_5" type="PedestrianCrossing">
      <trigger_point x="2931.5" y="4728.9" z="366.3" yaw="9.2"/>
    </scenario>
  </scenarios>
</route>