<?xml version="1.0" ?>
<route id="1" town="Town12">
  <weathers>
    <weather route_percentage="0" cloudiness="20.0" precipitation="30.0" precipitation_deposits="50.0" wetness="0.0" wind_intensity="30.0" sun_azimuth_angle="-1.0" sun_altitude_angle="45.0" fog_density="3.0"/>
    <weather route_percentage="100" cloudiness="60.0" precipitation="60.0" precipitation_deposits="60.0" wetness="0.0" wind_intensity="60.0" sun_azimuth_angle="-1.0" sun_altitude_angle="45.0" fog_density="3.0"/>
  </weathers>
  <waypoints>
    <position x="-1214.2" y="4065.4" z="358.0"/>
    <position x="-1466.8" y="4013.4" z="365.0"/>
    <position x="-1499.4" y="3794.5" z="362.0"/>
  </waypoints>
  <scenarios>
    <scenario name="OppositeVehicleTakingPriority_4" type="OppositeVehicleTakingPriority">
      <trigger_point x="-1466.8" y="3965.2" z="364.3" yaw="269.7"/>
      <direction value="left"/>
    </scenario>
  </scenarios>
</route>