<?xml version="1.0" ?>
<route id="0" town="Town12">
  <weathers>
    <weather route_percentage="0" cloudiness="5.0" precipitation="0.0" precipitation_deposits="0.0" wetness="0.0" wind_intensity="10.0" sun_azimuth_angle="-1.0" sun_altitude_angle="90.0" fog_density="2.0"/>
    <weather route_percentage="100" cloudiness="5.0" precipitation="0.0" precipitation_deposits="0.0" wetness="0.0" wind_intensity="10.0" sun_azimuth_angle="-1.0" sun_altitude_angle="15.0" fog_density="2.0"/>
  </weathers>
  <waypoints>
    <position x="-223.4" y="4834.8" z="374.0"/>
    <position x="-586.4" y="4834.7" z="375.0"/>
    <position x="-732.7" y="4962.2" z="376.0"/>
  </waypoints>
  <scenarios>
    <scenario name="InvadingTurn_4" type="InvadingTurn">
      <trigger_point x="-557.5" y="4834.9" z="375.5" yaw="-179.9"/>
      <distance value="120"/>
      <offset value="0.2"/>
    </scenario>
  </scenarios>
</route>