<?xml version="1.0" ?>
<route id="15" town="Town12">
  <weathers>
    <weather route_percentage="0" cloudiness="5.0" precipitation="0.0" precipitation_deposits="50.0" wetness="0.0" wind_intensity="10.0" sun_azimuth_angle="-1.0" sun_altitude_angle="15.0" fog_density="10.0"/>
    <weather route_percentage="100" cloudiness="5.0" precipitation="0.0" precipitation_deposits="0.0" wetness="0.0" wind_intensity="10.0" sun_azimuth_angle="-1.0" sun_altitude_angle="45.0" fog_density="2.0"/>
  </weathers>
  <waypoints>
    <position x="2786.8" y="6215.4" z="372.4"/>
    <position x="2640.9" y="6187.9" z="370.9"/>
    <position x="2210.9" y="6115.4" z="370.2"/>
  </waypoints>
  <scenarios>
    <scenario name="StaticCutIn_4" type="StaticCutIn">
      <trigger_point x="2516.5" y="6168.4" z="369.3" yaw="188.6"/>
      <distance value="100"/>
      <direction value="right"/>
    </scenario>
  </scenarios>
</route>