<?xml version="1.0" ?>
<route id="11" town="Town12">
  <weathers>
    <weather route_percentage="0" cloudiness="5.0" precipitation="0.0" precipitation_deposits="50.0" wetness="0.0" wind_intensity="10.0" sun_azimuth_angle="-1.0" sun_altitude_angle="15.0" fog_density="10.0"/>
    <weather route_percentage="100" cloudiness="5.0" precipitation="0.0" precipitation_deposits="0.0" wetness="0.0" wind_intensity="10.0" sun_azimuth_angle="-1.0" sun_altitude_angle="45.0" fog_density="2.0"/>
  </weathers>
  <waypoints>
    <position x="863.4" y="3983.6" z="370.2"/>
    <position x="827.9" y="4204.6" z="369.2"/>
    <position x="629.0" y="4287.4" z="370.1"/>
  </waypoints>
  <scenarios>
    <scenario name="ConstructionObstacle_3" type="ConstructionObstacle">
      <trigger_point x="778.6" y="4284.4" z="369.2" yaw="174.3"/>
      <distance value="70"/>
      <direction value="right"/>
      <speed value="55"/>
    </scenario>
  </scenarios>
</route>