<?xml version="1.0" ?>
<route id="14" town="Town12">
  <weathers>
    <weather route_percentage="0" cloudiness="60.0" precipitation="60.0" precipitation_deposits="60.0" wetness="0.0" wind_intensity="60.0" sun_azimuth_angle="-1.0" sun_altitude_angle="45.0" fog_density="3.0"/>
    <weather route_percentage="100" cloudiness="80.0" precipitation="0.0" precipitation_deposits="50.0" wetness="20.0" wind_intensity="10.0" sun_azimuth_angle="-1.0" sun_altitude_angle="45.0" fog_density="3.0"/>
  </weathers>
  <waypoints>
    <position x="461.6" y="4232.8" z="370.7"/>
    <position x="636.2" y="4513.5" z="369.3"/>
    <position x="781.8" y="4678.1" z="368.8"/>
  </waypoints>
  <scenarios>
    <scenario name="SignalizedJunctionLeftTurn_1" type="SignalizedJunctionLeftTurn">
      <trigger_point x="462.9" y="4465.2" z="370.4" yaw="89.7"/>
      <flow_speed value="12"/>
      <source_dist_interval from="10" to="50"/>
    </scenario>
  </scenarios>
</route>