<?xml version="1.0" ?>
<route id="0" town="Town12">
  <weathers>
    <weather route_percentage="0" cloudiness="5.0" precipitation="0.0" precipitation_deposits="0.0" wetness="0.0" wind_intensity="10.0" sun_azimuth_angle="-1.0" sun_altitude_angle="90.0" fog_density="2.0"/>
    <weather route_percentage="100" cloudiness="5.0" precipitation="0.0" precipitation_deposits="0.0" wetness="0.0" wind_intensity="10.0" sun_azimuth_angle="-1.0" sun_altitude_angle="15.0" fog_density="2.0"/>
  </weathers>
  <waypoints>
    <position x="-620.9" y="6001.5" z="367.0"/>
    <position x="-784.0" y="6185.4" z="365.0"/>
    <position x="-817.1" y="6063.3" z="369.0"/>
  </waypoints>
  <scenarios>
    <scenario name="VehicleTurningRoute_1" type="VehicleTurningRoute">
      <trigger_point x="-711.8" y="6163.6" z="363.8" yaw="113.0"/>
    </scenario>
  </scenarios>
</route>