<?xml version="1.0" ?>
<route id="13" town="Town12">
  <weathers>
    <weather route_percentage="0" cloudiness="20.0" precipitation="30.0" precipitation_deposits="50.0" wetness="0.0" wind_intensity="30.0" sun_azimuth_angle="-1.0" sun_altitude_angle="45.0" fog_density="3.0"/>
    <weather route_percentage="100" cloudiness="60.0" precipitation="60.0" precipitation_deposits="60.0" wetness="0.0" wind_intensity="60.0" sun_azimuth_angle="-1.0" sun_altitude_angle="45.0" fog_density="3.0"/>
  </weathers>
  <waypoints>
    <position x="3412.2" y="4340.3" z="366.5"/>
    <position x="3494.5" y="4457.2" z="368.0"/>
    <position x="3604.2" y="4601.6" z="368.1"/>
  </waypoints>
  <scenarios>
    <scenario name="VehicleOpensDoorTwoWays_2" type="VehicleOpensDoorTwoWays">
      <trigger_point x="3494.8" y="4455.0" z="368.0" yaw="98.3"/>
      <distance value="50"/>
      <frequency from="40" to="100"/>
    </scenario>
  </scenarios>
</route>