<?xml version="1.0" ?>
<route id="2" town="Town12">
  <weathers>
    <weather route_percentage="0" cloudiness="60.0" precipitation="60.0" precipitation_deposits="60.0" wetness="0.0" wind_intensity="60.0" sun_azimuth_angle="-1.0" sun_altitude_angle="45.0" fog_density="3.0"/>
    <weather route_percentage="100" cloudiness="80.0" precipitation="0.0" precipitation_deposits="50.0" wetness="20.0" wind_intensity="10.0" sun_azimuth_angle="-1.0" sun_altitude_angle="45.0" fog_density="3.0"/>
  </weathers>
  <waypoints>
    <position x="-407.9" y="4303.3" z="373.8"/>
    <position x="137.5" y="4300.1" z="371.7"/>
    <position x="251.5" y="4249.7" z="371.1"/>
  </waypoints>
  <scenarios>
    <scenario name="SignalizedJunctionLeftTurn_2" type="SignalizedJunctionLeftTurn">
      <trigger_point x="179.4" y="4296.6" z="371.5" yaw="-0.3"/>
      <flow_speed value="14"/>
      <source_dist_interval from="15" to="70"/>
    </scenario>
  </scenarios>
</route>