<?xml version="1.0" ?>
<route id="13" town="Town12">
  <weathers>
    <weather route_percentage="0" cloudiness="20.0" precipitation="30.0" precipitation_deposits="50.0" wetness="0.0" wind_intensity="30.0" sun_azimuth_angle="-1.0" sun_altitude_angle="45.0" fog_density="3.0"/>
    <weather route_percentage="100" cloudiness="60.0" precipitation="60.0" precipitation_deposits="60.0" wetness="0.0" wind_intensity="60.0" sun_azimuth_angle="-1.0" sun_altitude_angle="45.0" fog_density="3.0"/>
  </weathers>
  <waypoints>
    <position x="3277.6" y="5129.0" z="367.9"/>
    <position x="2790.9" y="5050.6" z="368.6"/>
    <position x="2724.5" y="4874.1" z="367.2"/>
  </waypoints>
  <scenarios>
    <scenario name="ParkedObstacle_1" type="ParkedObstacle">
      <trigger_point x="2879.5" y="5064.9" z="368.3" yaw="189.2"/>
      <distance value="70"/>
      <direction value="right"/>
      <speed value="40"/>
    </scenario>
  </scenarios>
</route>