<?xml version="1.0" ?>
<route id="3" town="Town12">
  <weathers>
    <weather route_percentage="0" cloudiness="5.0" precipitation="0.0" precipitation_deposits="50.0" wetness="0.0" wind_intensity="10.0" sun_azimuth_angle="-1.0" sun_altitude_angle="15.0" fog_density="10.0"/>
    <weather route_percentage="100" cloudiness="5.0" precipitation="0.0" precipitation_deposits="0.0" wetness="0.0" wind_intensity="10.0" sun_azimuth_angle="-1.0" sun_altitude_angle="45.0" fog_density="2.0"/>
  </weathers>
  <waypoints>
    <position x="802.1" y="4426.3" z="368.1"/>
    <position x="856.5" y="4067.9" z="369.9"/>
    <position x="782.4" y="4053.5" z="370.4"/>
  </waypoints>
  <scenarios>
    <scenario name="SignalizedJunctionLeftTurn_3" type="SignalizedJunctionLeftTurn">
      <trigger_point x="851.7" y="4097.8" z="369.8" yaw="279.1"/>
      <flow_speed value="17"/>
      <source_dist_interval from="25" to="70"/>
    </scenario>
  </scenarios>
</route>