<?xml version="1.0" ?>
<route id="2" town="Town12">
  <weathers>
    <weather route_percentage="0" cloudiness="60.0" precipitation="60.0" precipitation_deposits="60.0" wetness="0.0" wind_intensity="60.0" sun_azimuth_angle="-1.0" sun_altitude_angle="45.0" fog_density="3.0"/>
    <weather route_percentage="100" cloudiness="80.0" precipitation="0.0" precipitation_deposits="50.0" wetness="20.0" wind_intensity="10.0" sun_azimuth_angle="-1.0" sun_altitude_angle="45.0" fog_density="3.0"/>
  </weathers>
  <waypoints>
    <position x="-229.7" y="4084.6" z="372.3"/>
    <position x="-390.3" y="4125.4" z="372.7"/>
    <position x="-435.6" y="4192.2" z="373.3"/>
  </waypoints>
  <scenarios>
    <scenario name="PedestrianCrossing_2" type="PedestrianCrossing">
      <trigger_point x="-390.3" y="4151.4" z="373.0" yaw="90.0"/>
    </scenario>
  </scenarios>
</route>