<?xml version="1.0" ?>
<route id="15" town="Town12">
  <weathers>
    <weather route_percentage="0" cloudiness="5.0" precipitation="0.0" precipitation_deposits="50.0" wetness="0.0" wind_intensity="10.0" sun_azimuth_angle="-1.0" sun_altitude_angle="15.0" fog_density="10.0"/>
    <weather route_percentage="100" cloudiness="5.0" precipitation="0.0" precipitation_deposits="0.0" wetness="0.0" wind_intensity="10.0" sun_azimuth_angle="-1.0" sun_altitude_angle="45.0" fog_density="2.0"/>
  </weathers>
  <waypoints>
    <position x="3503.2" y="6291.6" z="368.4"/>
    <position x="2786.8" y="6215.4" z="372.4"/>
    <position x="2640.9" y="6187.9" z="370.9"/>
  </waypoints>
  <scenarios>
    <scenario name="StaticCutIn_3" type="StaticCutIn">
      <trigger_point x="3048.5" y="6258.4" z="370.3" yaw="-170.7"/>
      <distance value="120"/>
      <direction value="left"/>
    </scenario>
  </scenarios>
</route>