<?xml version="1.0" ?>
<route id="14" town="Town12">
  <weathers>
    <weather route_percentage="0" cloudiness="60.0" precipitation="60.0" precipitation_deposits="60.0" wetness="0.0" wind_intensity="60.0" sun_azimuth_angle="-1.0" sun_altitude_angle="45.0" fog_density="3.0"/>
    <weather route_percentage="100" cloudiness="80.0" precipitation="0.0" precipitation_deposits="50.0" wetness="20.0" wind_intensity="10.0" sun_azimuth_angle="-1.0" sun_altitude_angle="45.0" fog_density="3.0"/>
  </weathers>
  <waypoints>
    <position x="2342.5" y="4278.6" z="359.4"/>
    <position x="2476.7" y="4244.8" z="359.2"/>
    <position x="2399.0" y="4166.5" z="358.7"/>
  </waypoints>
  <scenarios>
    <scenario name="VehicleTurningRoutePedestrian_1" type="VehicleTurningRoutePedestrian">
      <trigger_point x="2417.4" y="4291.4" z="359.4" yaw="9.7"/>
    </scenario>
  </scenarios>
</route>