<?xml version="1.0" ?>
<route id="10" town="Town12">
  <weathers>
    <weather route_percentage="0" cloudiness="60.0" precipitation="60.0" precipitation_deposits="60.0" wetness="0.0" wind_intensity="60.0" sun_azimuth_angle="-1.0" sun_altitude_angle="45.0" fog_density="3.0"/>
    <weather route_percentage="100" cloudiness="80.0" precipitation="0.0" precipitation_deposits="50.0" wetness="20.0" wind_intensity="10.0" sun_azimuth_angle="-1.0" sun_altitude_angle="45.0" fog_density="3.0"/>
  </weathers>
  <waypoints>
    <position x="3637.6" y="4256.5" z="368.3"/>
    <position x="3719.8" y="4510.1" z="368.2"/>
    <position x="3588.9" y="4596.0" z="368.1"/>
  </waypoints>
  <scenarios>
    <scenario name="VehicleTurningRoute_2" type="VehicleTurningRoute">
      <trigger_point x="3708.0" y="4586.1" z="368.1" yaw="98.9"/>
    </scenario>
  </scenarios>
</route>