<?xml version="1.0" ?>
<route id="1" town="Town12">
  <weathers>
    <weather route_percentage="0" cloudiness="20.0" precipitation="30.0" precipitation_deposits="50.0" wetness="0.0" wind_intensity="30.0" sun_azimuth_angle="-1.0" sun_altitude_angle="45.0" fog_density="3.0"/>
    <weather route_percentage="100" cloudiness="60.0" precipitation="60.0" precipitation_deposits="60.0" wetness="0.0" wind_intensity="60.0" sun_azimuth_angle="-1.0" sun_altitude_angle="45.0" fog_density="3.0"/>
  </weathers>
  <waypoints>
    <position x="-1671.6" y="4994.1" z="377.0"/>
    <position x="-1667.4" y="5210.7" z="377.0"/>
    <position x="-1491.9" y="5323.3" z="377.0"/>
  </waypoints>
  <scenarios>
    <scenario name="NonSignalizedJunctionLeftTurn_4" type="NonSignalizedJunctionLeftTurn">
      <trigger_point x="-1667.2" y="5222.2" z="377" yaw="90"/>
      <flow_speed value="20"/>
      <source_dist_interval from="80" to="110"/>
    </scenario>
  </scenarios>
</route>