<?xml version="1.0" ?>
<route id="12" town="Town12">
  <weathers>
    <weather route_percentage="0" cloudiness="5.0" precipitation="0.0" precipitation_deposits="0.0" wetness="0.0" wind_intensity="10.0" sun_azimuth_angle="-1.0" sun_altitude_angle="90.0" fog_density="2.0"/>
    <weather route_percentage="100" cloudiness="5.0" precipitation="0.0" precipitation_deposits="0.0" wetness="0.0" wind_intensity="10.0" sun_azimuth_angle="-1.0" sun_altitude_angle="15.0" fog_density="2.0"/>
  </weathers>
  <waypoints>
    <position x="388.3" y="4733.4" z="370.4"/>
    <position x="612.7" y="4733.4" z="369.8"/>
    <position x="783.4" y="4909.4" z="370.8"/>
  </waypoints>
  <scenarios>
    <scenario name="ConstructionObstacle_1" type="ConstructionObstacle">
      <trigger_point x="533.7" y="4733.4" z="370.0" yaw="-0.0"/>
    </scenario>
  </scenarios>
</route>