<?xml version="1.0" ?>
<route id="14" town="Town12">
  <weathers>
    <weather route_percentage="0" cloudiness="60.0" precipitation="60.0" precipitation_deposits="60.0" wetness="0.0" wind_intensity="60.0" sun_azimuth_angle="-1.0" sun_altitude_angle="45.0" fog_density="3.0"/>
    <weather route_percentage="100" cloudiness="80.0" precipitation="0.0" precipitation_deposits="50.0" wetness="20.0" wind_intensity="10.0" sun_azimuth_angle="-1.0" sun_altitude_angle="45.0" fog_density="3.0"/>
  </weathers>
  <waypoints>
    <position x="2311.1" y="4084.6" z="357.3"/>
    <position x="2009.2" y="4057.2" z="358.6"/>
    <position x="1841.2" y="4076.1" z="359.0"/>
  </waypoints>
  <scenarios>
    <scenario name="PedestrianCrossing_1" type="PedestrianCrossing">
      <trigger_point x="2010.8" y="4047.9" z="358.5" yaw="99.2"/>
    </scenario>
  </scenarios>
</route>