<?xml version="1.0" ?>
<route id="12" town="Town12">
  <weathers>
    <weather route_percentage="0" cloudiness="5.0" precipitation="0.0" precipitation_deposits="0.0" wetness="0.0" wind_intensity="10.0" sun_azimuth_angle="-1.0" sun_altitude_angle="90.0" fog_density="2.0"/>
    <weather route_percentage="100" cloudiness="5.0" precipitation="0.0" precipitation_deposits="0.0" wetness="0.0" wind_intensity="10.0" sun_azimuth_angle="-1.0" sun_altitude_angle="15.0" fog_density="2.0"/>
  </weathers>
  <waypoints>
    <position x="1576.2" y="5282.2" z="369.8"/>
    <position x="1362.5" y="5422.5" z="370.2"/>
    <position x="1412.1" y="5585.0" z="369.5"/>
  </waypoints>
  <scenarios>
    <scenario name="VehicleOpensDoorTwoWays_9" type="VehicleOpensDoorTwoWays">
      <trigger_point x="1362.6" y="5454.7" z="370.0" yaw="89.8"/>
      <distance value="60"/>
      <frequency from="40" to="105"/>
    </scenario>
  </scenarios>
</route>