<?xml version="1.0" ?>
<route id="3" town="Town12">
  <weathers>
    <weather route_percentage="0" cloudiness="5.0" precipitation="0.0" precipitation_deposits="50.0" wetness="0.0" wind_intensity="10.0" sun_azimuth_angle="-1.0" sun_altitude_angle="15.0" fog_density="10.0"/>
    <weather route_percentage="100" cloudiness="5.0" precipitation="0.0" precipitation_deposits="0.0" wetness="0.0" wind_intensity="10.0" sun_azimuth_angle="-1.0" sun_altitude_angle="45.0" fog_density="2.0"/>
  </weathers>
  <waypoints>
    <position x="463.1" y="3863.0" z="370.8"/>
    <position x="246.2" y="3947.5" z="365.8"/>
    <position x="248.8" y="4245.7" z="371.1"/>
  </waypoints>
  <scenarios>
    <scenario name="SignalizedJunctionLeftTurn_2" type="SignalizedJunctionLeftTurn">
      <trigger_point x="246.2" y="3945.6" z="365.7" yaw="90.0"/>
      <flow_speed value="8"/>
      <source_dist_interval from="10" to="75"/>
    </scenario>
  </scenarios>
</route>