<?xml version="1.0" ?>
<route id="2" town="Town12">
  <weathers>
    <weather route_percentage="0" cloudiness="60.0" precipitation="60.0" precipitation_deposits="60.0" wetness="0.0" wind_intensity="60.0" sun_azimuth_angle="-1.0" sun_altitude_angle="45.0" fog_density="3.0"/>
    <weather route_percentage="100" cloudiness="80.0" precipitation="0.0" precipitation_deposits="50.0" wetness="20.0" wind_intensity="10.0" sun_azimuth_angle="-1.0" sun_altitude_angle="45.0" fog_density="3.0"/>
  </weathers>
  <waypoints>
    <position x="-284.0" y="4141.0" z="372.8"/>
    <position x="-284.5" y="4052.0" z="372.1"/>
    <position x="-226.6" y="3981.5" z="371.4"/>
  </waypoints>
  <scenarios>
    <scenario name="ParkingCutIn_2" type="ParkingCutIn">
      <trigger_point x="-284.4" y="4056.2" z="372.2" yaw="-90.3"/>
      <direction value="left"/>
    </scenario>
  </scenarios>
</route>