<?xml version="1.0" ?>
<route id="2" town="Town12">
  <weathers>
    <weather route_percentage="0" cloudiness="60.0" precipitation="60.0" precipitation_deposits="60.0" wetness="0.0" wind_intensity="60.0" sun_azimuth_angle="-1.0" sun_altitude_angle="45.0" fog_density="3.0"/>
    <weather route_percentage="100" cloudiness="80.0" precipitation="0.0" precipitation_deposits="50.0" wetness="20.0" wind_intensity="10.0" sun_azimuth_angle="-1.0" sun_altitude_angle="45.0" fog_density="3.0"/>
  </weathers>
  <waypoints>
    <position x="-226.6" y="3981.5" z="371.4"/>
    <position x="-177.3" y="4015.2" z="371.6"/>
    <position x="-229.7" y="4084.6" z="372.3"/>
  </waypoints>
  <scenarios>
    <scenario name="ParkingCutIn_3" type="ParkingCutIn">
      <trigger_point x="-177.4" y="3996.6" z="371.4" yaw="89.7"/>
      <direction value="left"/>
    </scenario>
  </scenarios>
</route>