<?xml version="1.0" ?>
<route id="0" town="Town12">
  <weathers>
    <weather route_percentage="0" cloudiness="5.0" precipitation="0.0" precipitation_deposits="0.0" wetness="0.0" wind_intensity="10.0" sun_azimuth_angle="-1.0" sun_altitude_angle="90.0" fog_density="2.0"/>
    <weather route_percentage="100" cloudiness="5.0" precipitation="0.0" precipitation_deposits="0.0" wetness="0.0" wind_intensity="10.0" sun_azimuth_angle="-1.0" sun_altitude_angle="15.0" fog_density="2.0"/>
  </weathers>
  <waypoints>
    <position x="-732.7" y="4962.2" z="376.0"/>
    <position x="-705.4" y="5204.9" z="376.0"/>
    <position x="-269.4" y="5151.9" z="374.0"/>
  </waypoints>
  <scenarios>
    <scenario name="InvadingTurn_5" type="InvadingTurn">
      <trigger_point x="-732.8" y="5103.1" z="376.3" yaw="90.2"/>
      <distance value="100"/>
      <offset value="0.2"/>
    </scenario>
  </scenarios>
</route>