<?xml version="1.0" ?>
<route id="2" town="Town12">
  <weathers>
    <weather route_percentage="0" cloudiness="60.0" precipitation="60.0" precipitation_deposits="60.0" wetness="0.0" wind_intensity="60.0" sun_azimuth_angle="-1.0" sun_altitude_angle="45.0" fog_density="3.0"/>
    <weather route_percentage="100" cloudiness="80.0" precipitation="0.0" precipitation_deposits="50.0" wetness="20.0" wind_intensity="10.0" sun_azimuth_angle="-1.0" sun_altitude_angle="45.0" fog_density="3.0"/>
  </weathers>
  <waypoints>
    <position x="-283.7" y="3645.0" z="368.0"/>
    <position x="-339.1" y="3489.7" z="366.9"/>
    <position x="-393.4" y="3530.0" z="365.8"/>
  </waypoints>
  <scenarios>
    <scenario name="PedestrianCrossing_4" type="PedestrianCrossing">
      <trigger_point x="-284.5" y="3534.6" z="367.9" yaw="-90.4"/>
    </scenario>
  </scenarios>
</route>