<?xml version="1.0" ?>
<route id="13" town="Town12">
  <weathers>
    <weather route_percentage="0" cloudiness="20.0" precipitation="30.0" precipitation_deposits="50.0" wetness="0.0" wind_intensity="30.0" sun_azimuth_angle="-1.0" sun_altitude_angle="45.0" fog_density="3.0"/>
    <weather route_percentage="100" cloudiness="60.0" precipitation="60.0" precipitation_deposits="60.0" wetness="0.0" wind_intensity="60.0" sun_azimuth_angle="-1.0" sun_altitude_angle="45.0" fog_density="3.0"/>
  </weathers>
  <waypoints>
    <position x="2664.7" y="4449.7" z="361.8"/>
    <position x="3008.1" y="4560.5" z="364.7"/>
    <position x="3124.4" y="4643.6" z="366.3"/>
  </waypoints>
  <scenarios>
    <scenario name="VehicleTurningRoute_3" type="VehicleTurningRoute">
      <trigger_point x="2978.8" y="4500.5" z="363.8" yaw="9.2"/>
    </scenario>
  </scenarios>
</route>