<?xml version="1.0" ?>
<route id="15" town="Town12">
  <weathers>
    <weather route_percentage="0" cloudiness="5.0" precipitation="0.0" precipitation_deposits="50.0" wetness="0.0" wind_intensity="10.0" sun_azimuth_angle="-1.0" sun_altitude_angle="15.0" fog_density="10.0"/>
    <weather route_percentage="100" cloudiness="5.0" precipitation="0.0" precipitation_deposits="0.0" wetness="0.0" wind_intensity="10.0" sun_azimuth_angle="-1.0" sun_altitude_angle="45.0" fog_density="2.0"/>
  </weathers>
  <waypoints>
    <position x="1076.1" y="6068.8" z="364.8"/>
    <position x="730.4" y="6074.3" z="363.4"/>
    <position x="338.7" y="6213.4" z="358.3"/>
  </waypoints>
  <scenarios>
    <scenario name="Accident_3" type="Accident">
      <trigger_point x="555.1" y="6094.8" z="360.3" yaw="163.2"/>
      <distance value="170"/>
      <direction value="left"/>
    </scenario>
  </scenarios>
</route>