<?xml version="1.0" ?>
<route id="13" town="Town12">
  <weathers>
    <weather route_percentage="0" cloudiness="20.0" precipitation="30.0" precipitation_deposits="50.0" wetness="0.0" wind_intensity="30.0" sun_azimuth_angle="-1.0" sun_altitude_angle="45.0" fog_density="3.0"/>
    <weather route_percentage="100" cloudiness="60.0" precipitation="60.0" precipitation_deposits="60.0" wetness="0.0" wind_intensity="60.0" sun_azimuth_angle="-1.0" sun_altitude_angle="45.0" fog_density="3.0"/>
  </weathers>
  <waypoints>
    <position x="3294.3" y="5018.7" z="367.6"/>
    <position x="3141.0" y="5174.5" z="368.1"/>
    <position x="3036.4" y="5211.2" z="368.4"/>
  </waypoints>
  <scenarios>
    <scenario name="PedestrianCrossing_3" type="PedestrianCrossing">
      <trigger_point x="3139.5" y="5183.5" z="368.2" yaw="99.2"/>
    </scenario>
  </scenarios>
</route>