<?xml version="1.0" ?>
<route id="15" town="Town12">
  <weathers>
    <weather route_percentage="0" cloudiness="5.0" precipitation="0.0" precipitation_deposits="50.0" wetness="0.0" wind_intensity="10.0" sun_azimuth_angle="-1.0" sun_altitude_angle="15.0" fog_density="10.0"/>
    <weather route_percentage="100" cloudiness="5.0" precipitation="0.0" precipitation_deposits="0.0" wetness="0.0" wind_intensity="10.0" sun_azimuth_angle="-1.0" sun_altitude_angle="45.0" fog_density="2.0"/>
  </weathers>
  <waypoints>
    <position x="-2459.7" y="6060.1" z="379.3"/>
    <position x="-2539.6" y="5827.4" z="379.4"/>
    <position x="-2545.1" y="5740.4" z="379.3"/>
  </waypoints>
  <scenarios>
    <scenario name="ParkedObstacle_2" type="ParkedObstacle">
      <trigger_point x="-2518.2" y="5938.3" z="379.5" yaw="-107.4"/>
      <distance value="120"/>
      <direction value="right"/>
      <speed value="60"/>
    </scenario>
  </scenarios>
</route>