<?xml version="1.0" ?>
<route id="15" town="Town12">
  <weathers>
    <weather route_percentage="0" cloudiness="5.0" precipitation="0.0" precipitation_deposits="50.0" wetness="0.0" wind_intensity="10.0" sun_azimuth_angle="-1.0" sun_altitude_angle="15.0" fog_density="10.0"/>
    <weather route_percentage="100" cloudiness="5.0" precipitation="0.0" precipitation_deposits="0.0" wetness="0.0" wind_intensity="10.0" sun_azimuth_angle="-1.0" sun_altitude_angle="45.0" fog_density="2.0"/>
  </weathers>
  <waypoints>
    <position x="3451.8" y="4758.9" z="368.0"/>
    <position x="3771.3" y="4748.9" z="367.8"/>
    <position x="3931.2" y="4908.9" z="366.4"/>
  </waypoints>
  <scenarios>
    <scenario name="Accident_1" type="Accident">
      <trigger_point x="3722.9" y="4741.0" z="367.8" yaw="9.2"/>
      <distance value="80"/>
      <direction value="right"/>
      <speed value="55"/>
    </scenario>
  </scenarios>
</route>