<?xml version="1.0" ?>
<route id="12" town="Town12">
  <weathers>
    <weather route_percentage="0" cloudiness="5.0" precipitation="0.0" precipitation_deposits="0.0" wetness="0.0" wind_intensity="10.0" sun_azimuth_angle="-1.0" sun_altitude_angle="90.0" fog_density="2.0"/>
    <weather route_percentage="100" cloudiness="5.0" precipitation="0.0" precipitation_deposits="0.0" wetness="0.0" wind_intensity="10.0" sun_azimuth_angle="-1.0" sun_altitude_angle="15.0" fog_density="2.0"/>
  </weathers>
  <waypoints>
    <position x="2142.0" y="5584.7" z="369.7"/>
    <position x="2401.4" y="5812.6" z="370.3"/>
    <position x="2333.5" y="6107.6" z="369.1"/>
  </waypoints>
  <scenarios>
    <scenario name="ParkedObstacle_2" type="ParkedObstacle">
      <trigger_point x="2402.1" y="5960.7" z="370.4" yaw="89.7"/>
      <distance value="70"/>
      <direction value="right"/>
      <speed value="55"/>
    </scenario>
  </scenarios>
</route>