<?xml version="1.0" ?>
<route id="10" town="Town12">
  <weathers>
    <weather route_percentage="0" cloudiness="60.0" precipitation="60.0" precipitation_deposits="60.0" wetness="0.0" wind_intensity="60.0" sun_azimuth_angle="-1.0" sun_altitude_angle="45.0" fog_density="3.0"/>
    <weather route_percentage="100" cloudiness="80.0" precipitation="0.0" precipitation_deposits="50.0" wetness="20.0" wind_intensity="10.0" sun_azimuth_angle="-1.0" sun_altitude_angle="45.0" fog_density="3.0"/>
  </weathers>
  <waypoints>
    <position x="2962.5" y="4610.7" z="365.0"/>
    <position x="2843.7" y="4588.0" z="364.2"/>
    <position x="2780.5" y="4531.5" z="363.2"/>
  </waypoints>
  <scenarios>
    <scenario name="SignalizedJunctionRightTurn_2" type="SignalizedJunctionRightTurn">
      <trigger_point x="2864.0" y="4591.3" z="364.3" yaw="189.2"/>
      <flow_speed value="10"/>
      <source_dist_interval from="15" to="50"/>
    </scenario>
  </scenarios>
</route>