<?xml version="1.0" ?>
<route id="2" town="Town12">
  <weathers>
    <weather route_percentage="0" cloudiness="60.0" precipitation="60.0" precipitation_deposits="60.0" wetness="0.0" wind_intensity="60.0" sun_azimuth_angle="-1.0" sun_altitude_angle="45.0" fog_density="3.0"/>
    <weather route_percentage="100" cloudiness="80.0" precipitation="0.0" precipitation_deposits="50.0" wetness="20.0" wind_intensity="10.0" sun_azimuth_angle="-1.0" sun_altitude_angle="45.0" fog_density="3.0"/>
  </weathers>
  <waypoints>
    <position x="-179.7" y="3593.1" z="366.2"/>
    <position x="-222.4" y="3703.3" z="367.5"/>
    <position x="-283.7" y="3645.0" z="368.0"/>
  </waypoints>
  <scenarios>
    <scenario name="SignalizedJunctionRightTurn_4" type="SignalizedJunctionRightTurn">
      <trigger_point x="-179.3" y="3661.3" z="366.1" yaw="89.6"/>
      <flow_speed value="10"/>
      <source_dist_interval from="15" to="60"/>
    </scenario>
  </scenarios>
</route>