<?xml version="1.0" ?>
<route id="14" town="Town12">
  <weathers>
    <weather route_percentage="0" cloudiness="60.0" precipitation="60.0" precipitation_deposits="60.0" wetness="0.0" wind_intensity="60.0" sun_azimuth_angle="-1.0" sun_altitude_angle="45.0" fog_density="3.0"/>
    <weather route_percentage="100" cloudiness="80.0" precipitation="0.0" precipitation_deposits="50.0" wetness="20.0" wind_intensity="10.0" sun_azimuth_angle="-1.0" sun_altitude_angle="45.0" fog_density="3.0"/>
  </weathers>
  <waypoints>
    <position x="1097.6" y="4033.1" z="367.1"/>
    <position x="1235.7" y="3984.5" z="364.8"/>
    <position x="1316.7" y="3934.4" z="363.6"/>
  </waypoints>
  <scenarios>
    <scenario name="VehicleTurningRoute_2" type="VehicleTurningRoute">
      <trigger_point x="1265.5" y="3989.4" z="364.4" yaw="9.2"/>
    </scenario>
  </scenarios>
</route>