<?xml version="1.0" ?>
<route id="11" town="Town12">
  <weathers>
    <weather route_percentage="0" cloudiness="5.0" precipitation="0.0" precipitation_deposits="50.0" wetness="0.0" wind_intensity="10.0" sun_azimuth_angle="-1.0" sun_altitude_angle="15.0" fog_density="10.0"/>
    <weather route_percentage="100" cloudiness="5.0" precipitation="0.0" precipitation_deposits="0.0" wetness="0.0" wind_intensity="10.0" sun_azimuth_angle="-1.0" sun_altitude_angle="45.0" fog_density="2.0"/>
  </weathers>
  <waypoints>
    <position x="-1564.6" y="4880.6" z="376.8"/>
    <position x="-1671.5" y="5019.9" z="377.2"/>
    <position x="-1668.7" y="5695.4" z="376.7"/>
  </waypoints>
  <scenarios>
    <scenario name="Accident_4" type="Accident">
      <trigger_point x="-1671.9" y="4929.2" z="377.1" yaw="89.8"/>
      <distance value="80"/>
      <direction value="right"/>
      <speed value="40"/>
    </scenario>
  </scenarios>
</route>