<?xml version="1.0" ?>
<route id="12" town="Town12">
  <weathers>
    <weather route_percentage="0" cloudiness="5.0" precipitation="0.0" precipitation_deposits="0.0" wetness="0.0" wind_intensity="10.0" sun_azimuth_angle="-1.0" sun_altitude_angle="90.0" fog_density="2.0"/>
    <weather route_percentage="100" cloudiness="5.0" precipitation="0.0" precipitation_deposits="0.0" wetness="0.0" wind_intensity="10.0" sun_azimuth_angle="-1.0" sun_altitude_angle="15.0" fog_density="2.0"/>
  </weathers>
  <waypoints>
    <position x="1297.2" y="6035.8" z="366.7"/>
    <position x="1032.8" y="6036.4" z="365.1"/>
    <position x="678.5" y="6030.4" z="363.3"/>
  </waypoints>
  <scenarios>
    <scenario name="ParkedObstacle_3" type="ParkedObstacle">
      <trigger_point x="1128.0" y="6036.2" z="365.7" yaw="179.9"/>
      <distance value="70"/>
      <direction value="left"/>
      <speed value="60"/>
    </scenario>
  </scenarios>
</route>