<?xml version="1.0" ?>
<route id="12" town="Town12">
  <weathers>
    <weather route_percentage="0" cloudiness="5.0" precipitation="0.0" precipitation_deposits="0.0" wetness="0.0" wind_intensity="10.0" sun_azimuth_angle="-1.0" sun_altitude_angle="90.0" fog_density="2.0"/>
    <weather route_percentage="100" cloudiness="5.0" precipitation="0.0" precipitation_deposits="0.0" wetness="0.0" wind_intensity="10.0" sun_azimuth_angle="-1.0" sun_altitude_angle="15.0" fog_density="2.0"/>
  </weathers>
  <waypoints>
    <position x="249.4" y="4666.3" z="371.1"/>
    <position x="388.3" y="4733.4" z="370.4"/>
  </waypoints>
  <scenarios>
    <scenario name="Accident_1" type="Accident">
      <trigger_point x="287.0" y="4733.5" z="370.9" yaw="-0.0"/>
    </scenario>
  </scenarios>
</route>