<?xml version="1.0" ?>
<route id="10" town="Town12">
  <weathers>
    <weather route_percentage="0" cloudiness="60.0" precipitation="60.0" precipitation_deposits="60.0" wetness="0.0" wind_intensity="60.0" sun_azimuth_angle="-1.0" sun_altitude_angle="45.0" fog_density="3.0"/>
    <weather route_percentage="100" cloudiness="80.0" precipitation="0.0" precipitation_deposits="50.0" wetness="20.0" wind_intensity="10.0" sun_azimuth_angle="-1.0" sun_altitude_angle="45.0" fog_density="3.0"/>
  </weathers>
  <waypoints>
    <position x="3498.1" y="4453.2" z="368.0"/>
    <position x="3523.9" y="4282.8" z="367.5"/>
    <position x="3637.6" y="4256.5" z="368.3"/>
  </waypoints>
  <scenarios>
    <scenario name="SignalizedJunctionRightTurn_4" type="SignalizedJunctionRightTurn">
      <trigger_point x="3522.6" y="4290.8" z="367.5" yaw="279.2"/>
      <flow_speed value="14"/>
      <source_dist_interval from="20" to="70"/>
    </scenario>
  </scenarios>
</route>