<?xml version="1.0" ?>
<route id="10" town="Town12">
  <weathers>
    <weather route_percentage="0" cloudiness="60.0" precipitation="60.0" precipitation_deposits="60.0" wetness="0.0" wind_intensity="60.0" sun_azimuth_angle="-1.0" sun_altitude_angle="45.0" fog_density="3.0"/>
    <weather route_percentage="100" cloudiness="80.0" precipitation="0.0" precipitation_deposits="50.0" wetness="20.0" wind_intensity="10.0" sun_azimuth_angle="-1.0" sun_altitude_angle="45.0" fog_density="3.0"/>
  </weathers>
  <waypoints>
    <position x="3447.8" y="4764.7" z="368.0"/>
    <position x="3409.5" y="4990.1" z="367.7"/>
    <position x="3369.7" y="5220.1" z="368.1"/>
  </waypoints>
  <scenarios>
    <scenario name="VehicleOpensDoorTwoWays_2" type="VehicleOpensDoorTwoWays">
      <trigger_point x="3417.1" y="4945.8" z="367.8" yaw="99.8"/>
      <distance value="40"/>
      <frequency from="35" to="90"/>
    </scenario>
  </scenarios>
</route>