<?xml version="1.0" ?>
<route id="0" town="Town12">
  <weathers>
    <weather route_percentage="0" cloudiness="5.0" precipitation="0.0" precipitation_deposits="0.0" wetness="0.0" wind_intensity="10.0" sun_azimuth_angle="-1.0" sun_altitude_angle="90.0" fog_density="2.0"/>
    <weather route_percentage="100" cloudiness="5.0" precipitation="0.0" precipitation_deposits="0.0" wetness="0.0" wind_intensity="10.0" sun_azimuth_angle="-1.0" sun_altitude_angle="15.0" fog_density="2.0"/>
  </weathers>
  <waypoints>
    <position x="824.2" y="5575.3" z="371.0"/>
    <position x="605.5" y="5575.5" z="370.0"/>
    <position x="497.5" y="5718.3" z="368.0"/>
  </waypoints>
  <scenarios>
    <scenario name="SignalizedJunctionLeftTurn_1" type="SignalizedJunctionLeftTurn">
      <trigger_point x="571.1" y="5579.4" z="370" yaw="180"/>
      <flow_speed value="16.6"/>
      <source_dist_interval from="30" to="65"/>
    </scenario>
  </scenarios>
</route>