<?xml version="1.0" ?>
<route id="0" town="Town12">
  <weathers>
    <weather route_percentage="0" cloudiness="5.0" precipitation="0.0" precipitation_deposits="0.0" wetness="0.0" wind_intensity="10.0" sun_azimuth_angle="-1.0" sun_altitude_angle="90.0" fog_density="2.0"/>
    <weather route_percentage="100" cloudiness="5.0" precipitation="0.0" precipitation_deposits="0.0" wetness="0.0" wind_intensity="10.0" sun_azimuth_angle="-1.0" sun_altitude_angle="15.0" fog_density="2.0"/>
  </weathers>
  <waypoints>
    <position x="983.5" y="5382.2" z="371.0"/>
    <position x="824.2" y="5575.3" z="371.0"/>
  </waypoints>
  <scenarios>
    <scenario name="VehicleOpensDoorTwoWays_1" type="VehicleOpensDoorTwoWays">
      <trigger_point x="983.5" y="5442.8" z="371.2" yaw="90.1"/>
      <distance value="50"/>
      <frequency from="40" to="90"/>
    </scenario>
  </scenarios>
</route>