<?xml version="1.0" ?>
<route id="14" town="Town12">
  <weathers>
    <weather route_percentage="0" cloudiness="60.0" precipitation="60.0" precipitation_deposits="60.0" wetness="0.0" wind_intensity="60.0" sun_azimuth_angle="-1.0" sun_altitude_angle="45.0" fog_density="3.0"/>
    <weather route_percentage="100" cloudiness="80.0" precipitation="0.0" precipitation_deposits="50.0" wetness="20.0" wind_intensity="10.0" sun_azimuth_angle="-1.0" sun_altitude_angle="45.0" fog_density="3.0"/>
  </weathers>
  <waypoints>
    <position x="1316.7" y="3934.4" z="363.6"/>
    <position x="1028.8" y="3828.7" z="369.1"/>
    <position x="836.8" y="3913.9" z="370.6"/>
  </waypoints>
  <scenarios>
    <scenario name="PedestrianCrossing_3" type="PedestrianCrossing">
      <trigger_point x="983.3" y="3821.3" z="369.7" yaw="189.2"/>
    </scenario>
  </scenarios>
</route>