<?xml version="1.0" ?>
<route id="10" town="Town12">
  <weathers>
    <weather route_percentage="0" cloudiness="60.0" precipitation="60.0" precipitation_deposits="60.0" wetness="0.0" wind_intensity="60.0" sun_azimuth_angle="-1.0" sun_altitude_angle="45.0" fog_density="3.0"/>
    <weather route_percentage="100" cloudiness="80.0" precipitation="0.0" precipitation_deposits="50.0" wetness="20.0" wind_intensity="10.0" sun_azimuth_angle="-1.0" sun_altitude_angle="45.0" fog_density="3.0"/>
  </weathers>
  <waypoints>
    <position x="2654.5" y="4684.1" z="364.8"/>
    <position x="2970.8" y="4784.8" z="366.9"/>
    <position x="2934.5" y="5008.6" z="368.1"/>
  </waypoints>
  <scenarios>
    <scenario name="ParkingCutIn_5" type="ParkingCutIn">
      <trigger_point x="2973.9" y="4766.8" z="366.8" yaw="99.6"/>
      <direction value="right"/>
    </scenario>
  </scenarios>
</route>