<?xml version="1.0" ?>
<route id="10" town="Town12">
  <weathers>
    <weather route_percentage="0" cloudiness="60.0" precipitation="60.0" precipitation_deposits="60.0" wetness="0.0" wind_intensity="60.0" sun_azimuth_angle="-1.0" sun_altitude_angle="45.0" fog_density="3.0"/>
    <weather route_percentage="100" cloudiness="80.0" precipitation="0.0" precipitation_deposits="50.0" wetness="20.0" wind_intensity="10.0" sun_azimuth_angle="-1.0" sun_altitude_angle="45.0" fog_density="3.0"/>
  </weathers>
  <waypoints>
    <position x="3011.9" y="5443.0" z="369.2"/>
    <position x="2849.9" y="5538.0" z="369.4"/>
    <position x="2725.1" y="5626.2" z="369.7"/>
  </waypoints>
  <scenarios>
    <scenario name="SignalizedJunctionRightTurn_7" type="SignalizedJunctionRightTurn">
      <trigger_point x="2846.6" y="5558.9" z="369.5" yaw="99.1"/>
      <flow_speed value="15"/>
      <source_dist_interval from="25" to="65"/>
    </scenario>
  </scenarios>
</route>