<?xml version="1.0" ?>
<route id="3" town="Town12">
  <weathers>
    <weather route_percentage="0" cloudiness="5.0" precipitation="0.0" precipitation_deposits="50.0" wetness="0.0" wind_intensity="10.0" sun_azimuth_angle="-1.0" sun_altitude_angle="15.0" fog_density="10.0"/>
    <weather route_percentage="100" cloudiness="5.0" precipitation="0.0" precipitation_deposits="0.0" wetness="0.0" wind_intensity="10.0" sun_azimuth_angle="-1.0" sun_altitude_angle="45.0" fog_density="2.0"/>
  </weathers>
  <waypoints>
    <position x="532.2" y="4190.1" z="370.7"/>
    <position x="463.0" y="4141.7" z="370.8"/>
    <position x="517.2" y="3920.8" z="371.1"/>
  </waypoints>
  <scenarios>
    <scenario name="ParkingCutIn_10" type="ParkingCutIn">
      <trigger_point x="569.7" y="4022.6" z="371.1" yaw="89.9"/>
      <direction value="left"/>
    </scenario>
  </scenarios>
</route>