<?xml version="1.0" ?>
<route id="11" town="Town12">
  <weathers>
    <weather route_percentage="0" cloudiness="5.0" precipitation="0.0" precipitation_deposits="50.0" wetness="0.0" wind_intensity="10.0" sun_azimuth_angle="-1.0" sun_altitude_angle="15.0" fog_density="10.0"/>
    <weather route_percentage="100" cloudiness="5.0" precipitation="0.0" precipitation_deposits="0.0" wetness="0.0" wind_intensity="10.0" sun_azimuth_angle="-1.0" sun_altitude_angle="45.0" fog_density="2.0"/>
  </weathers>
  <waypoints>
    <position x="-819.7" y="4600.1" z="369.3"/>
    <position x="-820.5" y="4169.5" z="365.0"/>
    <position x="-654.9" y="3926.3" z="370.8"/>
  </waypoints>
  <scenarios>
    <scenario name="ConstructionObstacle_8" type="ConstructionObstacle">
      <trigger_point x="-820.3" y="4274.2" z="366.6" yaw="269.9"/>
    </scenario>
  </scenarios>
</route>