<?xml version="1.0" ?>
<route id="11" town="Town12">
  <weathers>
    <weather route_percentage="0" cloudiness="5.0" precipitation="0.0" precipitation_deposits="50.0" wetness="0.0" wind_intensity="10.0" sun_azimuth_angle="-1.0" sun_altitude_angle="15.0" fog_density="10.0"/>
    <weather route_percentage="100" cloudiness="5.0" precipitation="0.0" precipitation_deposits="0.0" wetness="0.0" wind_intensity="10.0" sun_azimuth_angle="-1.0" sun_altitude_angle="45.0" fog_density="2.0"/>
  </weathers>
  <waypoints>
    <position x="-820.5" y="4169.5" z="365.0"/>
    <position x="-654.9" y="3926.3" z="370.8"/>
    <position x="-284.4" y="4039.0" z="372.1"/>
  </waypoints>
  <scenarios>
    <scenario name="Accident_7" type="Accident">
      <trigger_point x="-731.6" y="3926.7" z="369.7" yaw="-0.3"/>
    </scenario>
  </scenarios>
</route>