<?xml version="1.0" ?>
<route id="12" town="Town12">
  <weathers>
    <weather route_percentage="0" cloudiness="5.0" precipitation="0.0" precipitation_deposits="0.0" wetness="0.0" wind_intensity="10.0" sun_azimuth_angle="-1.0" sun_altitude_angle="90.0" fog_density="2.0"/>
    <weather route_percentage="100" cloudiness="5.0" precipitation="0.0" precipitation_deposits="0.0" wetness="0.0" wind_intensity="10.0" sun_azimuth_angle="-1.0" sun_altitude_angle="15.0" fog_density="2.0"/>
  </weathers>
  <waypoints>
    <position x="1362.5" y="5422.5" z="370.2"/>
    <position x="1412.1" y="5585.0" z="369.5"/>
    <position x="2142.0" y="5584.7" z="369.7"/>
  </waypoints>
  <scenarios>
    <scenario name="Accident_2" type="Accident">
      <trigger_point x="1467.6" y="5585.0" z="369.4" yaw="-0.0"/>
    </scenario>
  </scenarios>
</route>