<?xml version="1.0" ?>
<route id="3" town="Town12">
  <weathers>
    <weather route_percentage="0" cloudiness="5.0" precipitation="0.0" precipitation_deposits="50.0" wetness="0.0" wind_intensity="10.0" sun_azimuth_angle="-1.0" sun_altitude_angle="15.0" fog_density="10.0"/>
    <weather route_percentage="100" cloudiness="5.0" precipitation="0.0" precipitation_deposits="0.0" wetness="0.0" wind_intensity="10.0" sun_azimuth_angle="-1.0" sun_altitude_angle="45.0" fog_density="2.0"/>
  </weathers>
  <waypoints>
    <position x="568.8" y="3638.6" z="371.1"/>
    <position x="674.9" y="3548.0" z="371.6"/>
    <position x="713.5" y="3811.3" z="371.4"/>
  </waypoints>
  <scenarios>
    <scenario name="ParkingCutIn_4" type="ParkingCutIn">
      <trigger_point x="675.4" y="3619.9" z="371.9" yaw="89.6"/>
      <direction value="right"/>
    </scenario>
  </scenarios>
</route>