<?xml version="1.0" ?>
<route id="12" town="Town12">
  <weathers>
    <weather route_percentage="0" cloudiness="5.0" precipitation="0.0" precipitation_deposits="0.0" wetness="0.0" wind_intensity="10.0" sun_azimuth_angle="-1.0" sun_altitude_angle="90.0" fog_density="2.0"/>
    <weather route_percentage="100" cloudiness="5.0" precipitation="0.0" precipitation_deposits="0.0" wetness="0.0" wind_intensity="10.0" sun_azimuth_angle="-1.0" sun_altitude_angle="15.0" fog_density="2.0"/>
  </weathers>
  <waypoints>
    <position x="1032.8" y="6036.4" z="365.1"/>
    <position x="678.5" y="6030.4" z="363.3"/>
    <position x="402.7" y="6108.6" z="358.6"/>
  </waypoints>
  <scenarios>
    <scenario name="Accident_5" type="Accident">
      <trigger_point x="703.2" y="6031.8" z="363.6" yaw="-176.6"/>
      <distance value="80"/>
      <direction value="left"/>
      <speed value="40"/>
    </scenario>
  </scenarios>
</route>