<?xml version="1.0" ?>
<route id="11" town="Town12">
  <weathers>
    <weather route_percentage="0" cloudiness="5.0" precipitation="0.0" precipitation_deposits="50.0" wetness="0.0" wind_intensity="10.0" sun_azimuth_angle="-1.0" sun_altitude_angle="15.0" fog_density="10.0"/>
    <weather route_percentage="100" cloudiness="5.0" precipitation="0.0" precipitation_deposits="0.0" wetness="0.0" wind_intensity="10.0" sun_azimuth_angle="-1.0" sun_altitude_angle="45.0" fog_density="2.0"/>
  </weathers>
  <waypoints>
    <position x="863.4" y="3983.6" z="370.2"/>
    <position x="827.9" y="4204.6" z="369.2"/>
    <position x="629.0" y="4287.4" z="370.1"/>
  </waypoints>
  <scenarios>
    <scenario name="SignalizedJunctionRightTurn_1" type="SignalizedJunctionRightTurn">
      <trigger_point x="824.0" y="4228.9" z="369.1" yaw="99.1"/>
      <flow_speed value="13"/>
      <source_dist_interval from="15" to="60"/>
    </scenario>
  </scenarios>
</route>