<?xml version="1.0" ?>
<route id="0" town="Town12">
  <weathers>
    <weather route_percentage="0" cloudiness="5.0" precipitation="0.0" precipitation_deposits="0.0" wetness="0.0" wind_intensity="10.0" sun_azimuth_angle="-1.0" sun_altitude_angle="90.0" fog_density="2.0"/>
    <weather route_percentage="100" cloudiness="5.0" precipitation="0.0" precipitation_deposits="0.0" wetness="0.0" wind_intensity="10.0" sun_azimuth_angle="-1.0" sun_altitude_angle="15.0" fog_density="2.0"/>
  </weathers>
  <waypoints>
    <position x="516.3" y="5897.4" z="364.0"/>
    <position x="355.1" y="6138.1" z="358.0"/>
    <position x="285.9" y="6127.4" z="358.0"/>
  </waypoints>
  <scenarios>
    <scenario name="Accident_1" type="Accident">
      <trigger_point x="427.2" y="6086.8" z="359" yaw="144"/>
      <distance value="55"/>
    </scenario>
  </scenarios>
</route>