<?xml version="1.0" ?>
<route id="2" town="Town12">
  <weathers>
    <weather route_percentage="0" cloudiness="60.0" precipitation="60.0" precipitation_deposits="60.0" wetness="0.0" wind_intensity="60.0" sun_azimuth_angle="-1.0" sun_altitude_angle="45.0" fog_density="3.0"/>
    <weather route_percentage="100" cloudiness="80.0" precipitation="0.0" precipitation_deposits="50.0" wetness="20.0" wind_intensity="10.0" sun_azimuth_angle="-1.0" sun_altitude_angle="45.0" fog_density="3.0"/>
  </weathers>
  <waypoints>
    <position x="-500.7" y="3951.3" z="369.7"/>
    <position x="-542.0" y="3979.2" z="370.8"/>
    <position x="-605.2" y="4130.2" z="372.4"/>
  </waypoints>
  <scenarios>
    <scenario name="ParkingCutIn_5" type="ParkingCutIn">
      <trigger_point x="-604.9" y="4001.7" z="371.6" yaw="90.1"/>
      <direction value="left"/>
    </scenario>
  </scenarios>
</route>