<?xml version="1.0" ?>
<route id="12" town="Town12">
  <weathers>
    <weather route_percentage="0" cloudiness="5.0" precipitation="0.0" precipitation_deposits="0.0" wetness="0.0" wind_intensity="10.0" sun_azimuth_angle="-1.0" sun_altitude_angle="90.0" fog_density="2.0"/>
    <weather route_percentage="100" cloudiness="5.0" precipitation="0.0" precipitation_deposits="0.0" wetness="0.0" wind_intensity="10.0" sun_azimuth_angle="-1.0" sun_altitude_angle="15.0" fog_density="2.0"/>
  </weathers>
  <waypoints>
    <position x="1461.1" y="4998.8" z="370.5"/>
    <position x="1748.6" y="5114.3" z="368.4"/>
    <position x="1576.2" y="5282.2" z="369.8"/>
  </waypoints>
  <scenarios>
    <scenario name="PedestrianCrossing_1" type="PedestrianCrossing">
      <trigger_point x="1749.0" y="5170.5" z="368.5" yaw="89.6"/>
    </scenario>
  </scenarios>
</route>