<?xml version="1.0" ?>
<route id="11" town="Town12">
  <weathers>
    <weather route_percentage="0" cloudiness="5.0" precipitation="0.0" precipitation_deposits="50.0" wetness="0.0" wind_intensity="10.0" sun_azimuth_angle="-1.0" sun_altitude_angle="15.0" fog_density="10.0"/>
    <weather route_percentage="100" cloudiness="5.0" precipitation="0.0" precipitation_deposits="0.0" wetness="0.0" wind_intensity="10.0" sun_azimuth_angle="-1.0" sun_altitude_angle="45.0" fog_density="2.0"/>
  </weathers>
  <waypoints>
    <position x="362.8" y="3921.5" z="368.3"/>
    <position x="626.3" y="3920.2" z="371.3"/>
    <position x="863.4" y="3983.6" z="370.2"/>
  </waypoints>
  <scenarios>
    <scenario name="ConstructionObstacle_2" type="ConstructionObstacle">
      <trigger_point x="504.1" y="3920.8" z="371.1" yaw="-0.3"/>
    </scenario>
  </scenarios>
</route>