<?xml version="1.0" ?>
<route id="10" town="Town12">
  <weathers>
    <weather route_percentage="0" cloudiness="60.0" precipitation="60.0" precipitation_deposits="60.0" wetness="0.0" wind_intensity="60.0" sun_azimuth_angle="-1.0" sun_altitude_angle="45.0" fog_density="3.0"/>
    <weather route_percentage="100" cloudiness="80.0" precipitation="0.0" precipitation_deposits="50.0" wetness="20.0" wind_intensity="10.0" sun_azimuth_angle="-1.0" sun_altitude_angle="45.0" fog_density="3.0"/>
  </weathers>
  <waypoints>
    <position x="2780.5" y="4531.5" z="363.2"/>
    <position x="2807.2" y="4369.6" z="361.3"/>
    <position x="2841.9" y="4168.5" z="359.5"/>
  </waypoints>
  <scenarios>
    <scenario name="ParkingCutIn_1" type="ParkingCutIn">
      <trigger_point x="2797.7" y="4427.1" z="361.9" yaw="279.4"/>
      <direction value="right"/>
    </scenario>
  </scenarios>
</route>