<?xml version="1.0" ?>
<route id="1" town="Town12">
  <weathers>
    <weather route_percentage="0" cloudiness="20.0" precipitation="30.0" precipitation_deposits="50.0" wetness="0.0" wind_intensity="30.0" sun_azimuth_angle="-1.0" sun_altitude_angle="45.0" fog_density="3.0"/>
    <weather route_percentage="100" cloudiness="60.0" precipitation="60.0" precipitation_deposits="60.0" wetness="0.0" wind_intensity="60.0" sun_azimuth_angle="-1.0" sun_altitude_angle="45.0" fog_density="3.0"/>
  </weathers>
  <waypoints>
    <position x="-710.9" y="3650.8" z="365.0"/>
    <position x="-831.4" y="3517.5" z="362.0"/>
    <position x="-831.4" y="3722.5" z="365.0"/>
  </waypoints>
  <scenarios>
    <scenario name="ConstructionObstacle_1" type="ConstructionObstacle">
      <trigger_point x="-831.4" y="3539.6" z="362.4" yaw="89.9"/>
      <distance value="90"/>
      <speed value="45"/>
    </scenario>
  </scenarios>
</route>