<?xml version="1.0" ?>
<route id="12" town="Town12">
  <weathers>
    <weather route_percentage="0" cloudiness="5.0" precipitation="0.0" precipitation_deposits="0.0" wetness="0.0" wind_intensity="10.0" sun_azimuth_angle="-1.0" sun_altitude_angle="90.0" fog_density="2.0"/>
    <weather route_percentage="100" cloudiness="5.0" precipitation="0.0" precipitation_deposits="0.0" wetness="0.0" wind_intensity="10.0" sun_azimuth_angle="-1.0" sun_altitude_angle="15.0" fog_density="2.0"/>
  </weathers>
  <waypoints>
    <position x="1261.1" y="4999.3" z="371.1"/>
    <position x="1461.1" y="4998.8" z="370.5"/>
    <position x="1748.6" y="5114.3" z="368.4"/>
  </waypoints>
  <scenarios>
    <scenario name="ConstructionObstacle_2" type="ConstructionObstacle">
      <trigger_point x="1408.9" y="4999.0" z="370.7" yaw="-0.1"/>
      <distance value="70"/>
      <direction value="right"/>
      <speed value="50"/>
    </scenario>
  </scenarios>
</route>