<?xml version="1.0" ?>
<route id="0" town="Town12">
  <weathers>
    <weather route_percentage="0" cloudiness="5.0" precipitation="0.0" precipitation_deposits="0.0" wetness="0.0" wind_intensity="10.0" sun_azimuth_angle="-1.0" sun_altitude_angle="90.0" fog_density="2.0"/>
    <weather route_percentage="100" cloudiness="5.0" precipitation="0.0" precipitation_deposits="0.0" wetness="0.0" wind_intensity="10.0" sun_azimuth_angle="-1.0" sun_altitude_angle="15.0" fog_density="2.0"/>
  </weathers>
  <waypoints>
    <position x="-496.1" y="5014.6" z="375.0"/>
    <position x="-414.4" y="5056.2" z="375.0"/>
    <position x="-222.5" y="4944.1" z="374.0"/>
  </waypoints>
  <scenarios>
    <scenario name="InvadingTurn_2" type="InvadingTurn">
      <trigger_point x="-343.4" y="5056.3" z="374.2" yaw="0.1"/>
      <distance value="100"/>
      <offset value="0.2"/>
    </scenario>
  </scenarios>
</route>