<?xml version="1.0" ?>
<route id="15" town="Town12">
  <weathers>
    <weather route_percentage="0" cloudiness="5.0" precipitation="0.0" precipitation_deposits="50.0" wetness="0.0" wind_intensity="10.0" sun_azimuth_angle="-1.0" sun_altitude_angle="15.0" fog_density="10.0"/>
    <weather route_percentage="100" cloudiness="5.0" precipitation="0.0" precipitation_deposits="0.0" wetness="0.0" wind_intensity="10.0" sun_azimuth_angle="-1.0" sun_altitude_angle="45.0" fog_density="2.0"/>
  </weathers>
  <waypoints>
    <position x="2210.9" y="6115.4" z="370.2"/>
    <position x="1698.3" y="6061.5" z="367.4"/>
    <position x="1537.0" y="6066.1" z="367.5"/>
  </waypoints>
  <scenarios>
    <scenario name="StaticCutIn_5" type="StaticCutIn">
      <trigger_point x="1637.6" y="6065.4" z="367.8" yaw="179.6"/>
      <distance value="100"/>
      <direction value="right"/>
    </scenario>
  </scenarios>
</route>