<?xml version="1.0" ?>
<route id="0" town="Town12">
  <weathers>
    <weather route_percentage="0" cloudiness="5.0" precipitation="0.0" precipitation_deposits="0.0" wetness="0.0" wind_intensity="10.0" sun_azimuth_angle="-1.0" sun_altitude_angle="90.0" fog_density="2.0"/>
    <weather route_percentage="100" cloudiness="5.0" precipitation="0.0" precipitation_deposits="0.0" wetness="0.0" wind_intensity="10.0" sun_azimuth_angle="-1.0" sun_altitude_angle="15.0" fog_density="2.0"/>
  </weathers>
  <waypoints>
    <position x="-221.6" y="6100.7" z="358.0"/>
    <position x="-264.6" y="6019.4" z="360.0"/>
    <position x="-297.9" y="5816.4" z="366.0"/>
  </waypoints>
  <scenarios>
    <scenario name="OppositeVehicleTakingPriority_2" type="OppositeVehicleTakingPriority">
      <trigger_point x="-265.0" y="5963.4" z="361.4" yaw="270"/>
      <direction value="right"/>
    </scenario>
  </scenarios>
</route>