<?xml version="1.0" ?>
<route id="13" town="Town12">
  <weathers>
    <weather route_percentage="0" cloudiness="20.0" precipitation="30.0" precipitation_deposits="50.0" wetness="0.0" wind_intensity="30.0" sun_azimuth_angle="-1.0" sun_altitude_angle="45.0" fog_density="3.0"/>
    <weather route_percentage="100" cloudiness="60.0" precipitation="60.0" precipitation_deposits="60.0" wetness="0.0" wind_intensity="60.0" sun_azimuth_angle="-1.0" sun_altitude_angle="45.0" fog_density="3.0"/>
  </weathers>
  <waypoints>
    <position x="3124.4" y="4643.6" z="366.3"/>
    <position x="3328.3" y="4793.1" z="367.7"/>
    <position x="3472.1" y="4631.3" z="368.0"/>
  </waypoints>
  <scenarios>
    <scenario name="ParkingCutIn_3" type="ParkingCutIn">
      <trigger_point x="3447.2" y="4786.4" z="368.0" yaw="279.6"/>
      <direction value="right"/>
    </scenario>
  </scenarios>
</route>