<?xml version="1.0" ?>
<route id="13" town="Town12">
  <weathers>
    <weather route_percentage="0" cloudiness="20.0" precipitation="30.0" precipitation_deposits="50.0" wetness="0.0" wind_intensity="30.0" sun_azimuth_angle="-1.0" sun_altitude_angle="45.0" fog_density="3.0"/>
    <weather route_percentage="100" cloudiness="60.0" precipitation="60.0" precipitation_deposits="60.0" wetness="0.0" wind_intensity="60.0" sun_azimuth_angle="-1.0" sun_altitude_angle="45.0" fog_density="3.0"/>
  </weathers>
  <waypoints>
    <position x="2955.5" y="5437.1" z="369.4"/>
    <position x="3216.3" y="5360.5" z="368.3"/>
    <position x="3377.7" y="5190.4" z="368.0"/>
  </waypoints>
  <scenarios>
    <scenario name="SignalizedJunctionRightTurn_3" type="SignalizedJunctionRightTurn">
      <trigger_point x="3108.0" y="5397.4" z="368.6" yaw="279.2"/>
      <flow_speed value="10"/>
      <source_dist_interval from="15" to="45"/>
    </scenario>
  </scenarios>
</route>