<?xml version="1.0" ?>
<route id="3" town="Town12">
  <weathers>
    <weather route_percentage="0" cloudiness="5.0" precipitation="0.0" precipitation_deposits="50.0" wetness="0.0" wind_intensity="10.0" sun_azimuth_angle="-1.0" sun_altitude_angle="15.0" fog_density="10.0"/>
    <weather route_percentage="100" cloudiness="5.0" precipitation="0.0" precipitation_deposits="0.0" wetness="0.0" wind_intensity="10.0" sun_azimuth_angle="-1.0" sun_altitude_angle="45.0" fog_density="2.0"/>
  </weathers>
  <waypoints>
    <position x="246.2" y="3947.5" z="365.8"/>
    <position x="248.8" y="4245.7" z="371.1"/>
    <position x="344.1" y="4514.1" z="370.6"/>
  </waypoints>
  <scenarios>
    <scenario name="PedestrianCrossing_2" type="PedestrianCrossing">
      <trigger_point x="293.5" y="4190.6" z="370.6" yaw="179.9"/>
    </scenario>
  </scenarios>
</route>