<?xml version="1.0" ?>
<route id="15" town="Town12">
  <weathers>
    <weather route_percentage="0" cloudiness="5.0" precipitation="0.0" precipitation_deposits="50.0" wetness="0.0" wind_intensity="10.0" sun_azimuth_angle="-1.0" sun_altitude_angle="15.0" fog_density="10.0"/>
    <weather route_percentage="100" cloudiness="5.0" precipitation="0.0" precipitation_deposits="0.0" wetness="0.0" wind_intensity="10.0" sun_azimuth_angle="-1.0" sun_altitude_angle="45.0" fog_density="2.0"/>
  </weathers>
  <waypoints>
    <position x="1698.3" y="6061.5" z="367.4"/>
    <position x="1537.0" y="6066.1" z="367.5"/>
    <position x="1076.1" y="6068.8" z="364.8"/>
  </waypoints>
  <scenarios>
    <scenario name="StaticCutIn_6" type="StaticCutIn">
      <trigger_point x="1335.3" y="6067.3" z="366.5" yaw="179.7"/>
      <distance value="120"/>
      <direction value="right"/>
    </scenario>
  </scenarios>
</route>