<?xml version="1.0" ?>
<route id="11" town="Town12">
  <weathers>
    <weather route_percentage="0" cloudiness="5.0" precipitation="0.0" precipitation_deposits="50.0" wetness="0.0" wind_intensity="10.0" sun_azimuth_angle="-1.0" sun_altitude_angle="15.0" fog_density="10.0"/>
    <weather route_percentage="100" cloudiness="5.0" precipitation="0.0" precipitation_deposits="0.0" wetness="0.0" wind_intensity="10.0" sun_azimuth_angle="-1.0" sun_altitude_angle="45.0" fog_density="2.0"/>
  </weathers>
  <waypoints>
    <position x="-284.4" y="4039.0" z="372.1"/>
    <position x="-345.8" y="3978.9" z="371.3"/>
    <position x="-497.9" y="3959.2" z="369.9"/>
  </waypoints>
  <scenarios>
    <scenario name="VehicleTurningRoutePedestrian_1" type="VehicleTurningRoutePedestrian">
      <trigger_point x="-390.3" y="4062.1" z="372.1" yaw="90.0"/>
    </scenario>
  </scenarios>
</route>