<?xml version="1.0" ?>
<route id="0" town="Town12">
  <weathers>
    <weather route_percentage="0" cloudiness="5.0" precipitation="0.0" precipitation_deposits="0.0" wetness="0.0" wind_intensity="10.0" sun_azimuth_angle="-1.0" sun_altitude_angle="90.0" fog_density="2.0"/>
    <weather route_percentage="100" cloudiness="5.0" precipitation="0.0" precipitation_deposits="0.0" wetness="0.0" wind_intensity="10.0" sun_azimuth_angle="-1.0" sun_altitude_angle="15.0" fog_density="2.0"/>
  </weathers>
  <waypoints>
    <position x="-536.9" y="6071.1" z="363.0"/>
    <position x="-537.4" y="6000.8" z="365.0"/>
    <position x="-620.9" y="6001.5" z="367.0"/>
  </waypoints>
  <scenarios>
    <scenario name="VehicleTurningRoutePedestrian_1" type="VehicleTurningRoutePedestrian">
      <trigger_point x="-561.2" y="5977.1" z="366.3" yaw="224.4"/>
    </scenario>
  </scenarios>
</route>