<?xml version="1.0" ?>
<route id="0" town="Town12">
  <weathers>
    <weather route_percentage="0" cloudiness="5.0" precipitation="0.0" precipitation_deposits="0.0" wetness="0.0" wind_intensity="10.0" sun_azimuth_angle="-1.0" sun_altitude_angle="90.0" fog_density="2.0"/>
    <weather route_percentage="100" cloudiness="5.0" precipitation="0.0" precipitation_deposits="0.0" wetness="0.0" wind_intensity="10.0" sun_azimuth_angle="-1.0" sun_altitude_angle="15.0" fog_density="2.0"/>
  </weathers>
  <waypoints>
    <position x="605.5" y="5575.5" z="370.0"/>
    <position x="497.5" y="5718.3" z="368.0"/>
    <position x="516.3" y="5897.4" z="364.0"/>
  </waypoints>
  <scenarios>
    <scenario name="OppositeVehicleTakingPriority_1" type="OppositeVehicleTakingPriority">
      <trigger_point x="484.0" y="5801.9" z="366.0" yaw="87.6"/>
    </scenario>
  </scenarios>
</route>