<?xml version="1.0" ?>
<route id="12" town="Town12">
  <weathers>
    <weather route_percentage="0" cloudiness="5.0" precipitation="0.0" precipitation_deposits="0.0" wetness="0.0" wind_intensity="10.0" sun_azimuth_angle="-1.0" sun_altitude_angle="90.0" fog_density="2.0"/>
    <weather route_percentage="100" cloudiness="5.0" precipitation="0.0" precipitation_deposits="0.0" wetness="0.0" wind_intensity="10.0" sun_azimuth_angle="-1.0" sun_altitude_angle="15.0" fog_density="2.0"/>
  </weathers>
  <waypoints>
    <position x="2401.4" y="5812.6" z="370.3"/>
    <position x="2333.5" y="6107.6" z="369.1"/>
    <position x="1926.4" y="6030.9" z="368.4"/>
  </waypoints>
  <scenarios>
    <scenario name="Accident_3" type="Accident">
      <trigger_point x="2196.2" y="6086.2" z="370.3" yaw="-171.1"/>
    </scenario>
  </scenarios>
</route>