<?xml version="1.0" ?>
<route id="13" town="Town12">
  <weathers>
    <weather route_percentage="0" cloudiness="20.0" precipitation="30.0" precipitation_deposits="50.0" wetness="0.0" wind_intensity="30.0" sun_azimuth_angle="-1.0" sun_altitude_angle="45.0" fog_density="3.0"/>
    <weather route_percentage="100" cloudiness="60.0" precipitation="60.0" precipitation_deposits="60.0" wetness="0.0" wind_intensity="60.0" sun_azimuth_angle="-1.0" sun_altitude_angle="45.0" fog_density="3.0"/>
  </weathers>
  <waypoints>
    <position x="3261.2" y="4468.7" z="365.7"/>
    <position x="3412.2" y="4340.3" z="366.5"/>
    <position x="3494.5" y="4457.2" z="368.0"/>
  </waypoints>
  <scenarios>
    <scenario name="VehicleTurningRoute_1" type="VehicleTurningRoute">
      <trigger_point x="3469.9" y="4349.6" z="367.4" yaw="9.2"/>
    </scenario>
  </scenarios>
</route>