<?xml version="1.0" ?>
<route id="14" town="Town12">
  <weathers>
    <weather route_percentage="0" cloudiness="60.0" precipitation="60.0" precipitation_deposits="60.0" wetness="0.0" wind_intensity="60.0" sun_azimuth_angle="-1.0" sun_altitude_angle="45.0" fog_density="3.0"/>
    <weather route_percentage="100" cloudiness="80.0" precipitation="0.0" precipitation_deposits="50.0" wetness="20.0" wind_intensity="10.0" sun_azimuth_angle="-1.0" sun_altitude_angle="45.0" fog_density="3.0"/>
  </weathers>
  <waypoints>
    <position x="782.5" y="3997.9" z="370.6"/>
    <position x="634.9" y="4082.8" z="370.8"/>
    <position x="461.6" y="4232.8" z="370.7"/>
  </waypoints>
  <scenarios>
    <scenario name="VehicleTurningRoute_3" type="VehicleTurningRoute">
      <trigger_point x="617.6" y="4082.9" z="370.9" yaw="179.9"/>
    </scenario>
  </scenarios>
</route>