<?xml version="1.0" ?>
<route id="11" town="Town12">
  <weathers>
    <weather route_percentage="0" cloudiness="5.0" precipitation="0.0" precipitation_deposits="50.0" wetness="0.0" wind_intensity="10.0" sun_azimuth_angle="-1.0" sun_altitude_angle="15.0" fog_density="10.0"/>
    <weather route_percentage="100" cloudiness="5.0" precipitation="0.0" precipitation_deposits="0.0" wetness="0.0" wind_intensity="10.0" sun_azimuth_angle="-1.0" sun_altitude_angle="45.0" fog_density="2.0"/>
  </weathers>
  <waypoints>
    <position x="827.9" y="4204.6" z="369.2"/>
    <position x="629.0" y="4287.4" z="370.1"/>
    <position x="157.1" y="4290.2" z="371.6"/>
  </waypoints>
  <scenarios>
    <scenario name="ParkedObstacle_2" type="ParkedObstacle">
      <trigger_point x="712.5" y="4286.9" z="369.6" yaw="179.7"/>
      <distance value="70"/>
      <direction value="right"/>
      <speed value="60"/>
    </scenario>
  </scenarios>
</route>