<?xml version="1.0" ?>
<route id="15" town="Town12">
  <weathers>
    <weather route_percentage="0" cloudiness="5.0" precipitation="0.0" precipitation_deposits="50.0" wetness="0.0" wind_intensity="10.0" sun_azimuth_angle="-1.0" sun_altitude_angle="15.0" fog_density="10.0"/>
    <weather route_percentage="100" cloudiness="5.0" precipitation="0.0" precipitation_deposits="0.0" wetness="0.0" wind_intensity="10.0" sun_azimuth_angle="-1.0" sun_altitude_angle="45.0" fog_density="2.0"/>
  </weathers>
  <waypoints>
    <position x="-2479.1" y="4898.6" z="375.4"/>
    <position x="-2482.0" y="4825.2" z="374.8"/>
    <position x="-2517.2" y="4393.8" z="366.9"/>
  </waypoints>
  <scenarios>
    <scenario name="Accident_4" type="Accident">
      <trigger_point x="-2495.2" y="4686.9" z="374.7" yaw="-96.4"/>
      <distance value="130"/>
      <direction value="left"/>
      <speed value="60"/>
    </scenario>
  </scenarios>
</route>