<?xml version="1.0" ?>
<route id="1" town="Town12">
  <weathers>
    <weather route_percentage="0" cloudiness="20.0" precipitation="30.0" precipitation_deposits="50.0" wetness="0.0" wind_intensity="30.0" sun_azimuth_angle="-1.0" sun_altitude_angle="45.0" fog_density="3.0"/>
    <weather route_percentage="100" cloudiness="60.0" precipitation="60.0" precipitation_deposits="60.0" wetness="0.0" wind_intensity="60.0" sun_azimuth_angle="-1.0" sun_altitude_angle="45.0" fog_density="3.0"/>
  </weathers>
  <waypoints>
    <position x="-1444.0" y="3399.6" z="355.0"/>
    <position x="-1361.0" y="3698.5" z="358.0"/>
    <position x="-1247.6" y="3710.4" z="353.0"/>
  </waypoints>
  <scenarios>
    <scenario name="NonSignalizedJunctionLeftTurn_3" type="NonSignalizedJunctionLeftTurn">
      <trigger_point x="-1433.9" y="3621.1" z="359" yaw="105"/>
      <flow_speed value="13"/>
      <source_dist_interval from="40" to="70"/>
    </scenario>
  </scenarios>
</route>