<?xml version="1.0" ?>
<route id="2" town="Town12">
  <weathers>
    <weather route_percentage="0" cloudiness="60.0" precipitation="60.0" precipitation_deposits="60.0" wetness="0.0" wind_intensity="60.0" sun_azimuth_angle="-1.0" sun_altitude_angle="45.0" fog_density="3.0"/>
    <weather route_percentage="100" cloudiness="80.0" precipitation="0.0" precipitation_deposits="50.0" wetness="20.0" wind_intensity="10.0" sun_azimuth_angle="-1.0" sun_altitude_angle="45.0" fog_density="3.0"/>
  </weathers>
  <waypoints>
    <position x="-454.4" y="3981.8" z="370.4"/>
    <position x="-390.3" y="4033.3" z="371.7"/>
    <position x="-530.1" y="4085.5" z="372.4"/>
  </waypoints>
  <scenarios>
    <scenario name="ParkingCutIn_4" type="ParkingCutIn">
      <trigger_point x="-390.3" y="4017.5" z="371.5" yaw="90.0"/>
    </scenario>
  </scenarios>
</route>