<?xml version="1.0" ?>
<route id="10" town="Town12">
  <weathers>
    <weather route_percentage="0" cloudiness="60.0" precipitation="60.0" precipitation_deposits="60.0" wetness="0.0" wind_intensity="60.0" sun_azimuth_angle="-1.0" sun_altitude_angle="45.0" fog_density="3.0"/>
    <weather route_percentage="100" cloudiness="80.0" precipitation="0.0" precipitation_deposits="50.0" wetness="20.0" wind_intensity="10.0" sun_azimuth_angle="-1.0" sun_altitude_angle="45.0" fog_density="3.0"/>
  </weathers>
  <waypoints>
    <position x="3319.7" y="4555.6" z="367.0"/>
    <position x="3498.1" y="4453.2" z="368.0"/>
    <position x="3523.9" y="4282.8" z="367.5"/>
  </waypoints>
  <scenarios>
    <scenario name="VehicleOpensDoorTwoWays_1" type="VehicleOpensDoorTwoWays">
      <trigger_point x="3484.1" y="4549.5" z="367.9" yaw="278.3"/>
      <distance value="60"/>
      <frequency from="40" to="95"/>
    </scenario>
  </scenarios>
</route>