<?xml version="1.0" ?>
<route id="3" town="Town12">
  <weathers>
    <weather route_percentage="0" cloudiness="5.0" precipitation="0.0" precipitation_deposits="50.0" wetness="0.0" wind_intensity="10.0" sun_azimuth_angle="-1.0" sun_altitude_angle="15.0" fog_density="10.0"/>
    <weather route_percentage="100" cloudiness="5.0" precipitation="0.0" precipitation_deposits="0.0" wetness="0.0" wind_intensity="10.0" sun_azimuth_angle="-1.0" sun_altitude_angle="45.0" fog_density="2.0"/>
  </weathers>
  <waypoints>
    <position x="838.3" y="3680.7" z="371.2"/>
    <position x="755.7" y="3701.3" z="371.6"/>
    <position x="623.5" y="3808.8" z="371.6"/>
  </waypoints>
  <scenarios>
    <scenario name="PedestrianCrossing_1" type="PedestrianCrossing">
      <trigger_point x="713.4" y="3701.4" z="371.7" yaw="179.9"/>
    </scenario>
  </scenarios>
</route>