<?xml version="1.0" ?>
<route id="2" town="Town12">
  <weathers>
    <weather route_percentage="0" cloudiness="60.0" precipitation="60.0" precipitation_deposits="60.0" wetness="0.0" wind_intensity="60.0" sun_azimuth_angle="-1.0" sun_altitude_angle="45.0" fog_density="3.0"/>
    <weather route_percentage="100" cloudiness="80.0" precipitation="0.0" precipitation_deposits="50.0" wetness="20.0" wind_intensity="10.0" sun_azimuth_angle="-1.0" sun_altitude_angle="45.0" fog_density="3.0"/>
  </weathers>
  <waypoints>
    <position x="-709.4" y="4058.3" z="369.8"/>
    <position x="-820.9" y="3963.5" z="366.7"/>
    <position x="-698.4" y="3926.5" z="370.4"/>
  </waypoints>
  <scenarios>
    <scenario name="ConstructionObstacle_1" type="ConstructionObstacle">
      <trigger_point x="-784.4" y="3927.0" z="368.0" yaw="-0.3"/>
    </scenario>
  </scenarios>
</route>