<?xml version="1.0" ?>
<route id="11" town="Town12">
  <weathers>
    <weather route_percentage="0" cloudiness="5.0" precipitation="0.0" precipitation_deposits="50.0" wetness="0.0" wind_intensity="10.0" sun_azimuth_angle="-1.0" sun_altitude_angle="15.0" fog_density="10.0"/>
    <weather route_percentage="100" cloudiness="5.0" precipitation="0.0" precipitation_deposits="0.0" wetness="0.0" wind_intensity="10.0" sun_azimuth_angle="-1.0" sun_altitude_angle="45.0" fog_density="2.0"/>
  </weathers>
  <waypoints>
    <position x="-1668.7" y="5695.4" z="376.7"/>
    <position x="-1431.8" y="5854.2" z="374.7"/>
    <position x="-863.4" y="5616.2" z="375.6"/>
  </waypoints>
  <scenarios>
    <scenario name="ConstructionObstacle_7" type="ConstructionObstacle">
      <trigger_point x="-1237.3" y="5774.5" z="373.9" yaw="-22.3"/>
    </scenario>
  </scenarios>
</route>