<?xml version="1.0" ?>
<route id="11" town="Town12">
  <weathers>
    <weather route_percentage="0" cloudiness="5.0" precipitation="0.0" precipitation_deposits="50.0" wetness="0.0" wind_intensity="10.0" sun_azimuth_angle="-1.0" sun_altitude_angle="15.0" fog_density="10.0"/>
    <weather route_percentage="100" cloudiness="5.0" precipitation="0.0" precipitation_deposits="0.0" wetness="0.0" wind_intensity="10.0" sun_azimuth_angle="-1.0" sun_altitude_angle="45.0" fog_density="2.0"/>
  </weathers>
  <waypoints>
    <position x="-818.7" y="5159.7" z="376.3"/>
    <position x="-819.7" y="4600.1" z="369.3"/>
    <position x="-820.5" y="4169.5" z="365.0"/>
  </waypoints>
  <scenarios>
    <scenario name="Accident_3" type="Accident">
      <trigger_point x="-884.7" y="4574.3" z="367.2" yaw="134.8"/>
      <distance value="80"/>
      <direction value="right"/>
      <speed value="70"/>
    </scenario>
  </scenarios>
</route>