<?xml version="1.0" ?>
<route id="2" town="Town12">
  <weathers>
    <weather route_percentage="0" cloudiness="60.0" precipitation="60.0" precipitation_deposits="60.0" wetness="0.0" wind_intensity="60.0" sun_azimuth_angle="-1.0" sun_altitude_angle="45.0" fog_density="3.0"/>
    <weather route_percentage="100" cloudiness="80.0" precipitation="0.0" precipitation_deposits="50.0" wetness="20.0" wind_intensity="10.0" sun_azimuth_angle="-1.0" sun_altitude_angle="45.0" fog_density="3.0"/>
  </weathers>
  <waypoints>
    <position x="-390.3" y="4125.4" z="372.7"/>
    <position x="-435.6" y="4192.2" z="373.3"/>
    <position x="-497.3" y="4148.5" z="373.1"/>
  </waypoints>
  <scenarios>
    <scenario name="SignalizedJunctionRightTurn_1" type="SignalizedJunctionRightTurn">
      <trigger_point x="-454.7" y="4192.3" z="373.4" yaw="179.9"/>
      <flow_speed value="12"/>
      <source_dist_interval from="10" to="50"/>
    </scenario>
  </scenarios>
</route>