<?xml version="1.0" ?>
<route id="0" town="Town12">
  <weathers>
    <weather route_percentage="0" cloudiness="5.0" precipitation="0.0" precipitation_deposits="0.0" wetness="0.0" wind_intensity="10.0" sun_azimuth_angle="-1.0" sun_altitude_angle="90.0" fog_density="2.0"/>
    <weather route_percentage="100" cloudiness="5.0" precipitation="0.0" precipitation_deposits="0.0" wetness="0.0" wind_intensity="10.0" sun_azimuth_angle="-1.0" sun_altitude_angle="15.0" fog_density="2.0"/>
  </weathers>
  <waypoints>
    <position x="-497.3" y="4777.9" z="375.0"/>
    <position x="-497.3" y="4884.0" z="375.0"/>
    <position x="-496.1" y="5014.6" z="375.0"/>
  </waypoints>
  <scenarios>
    <scenario name="OppositeVehicleTakingPriority_5" type="OppositeVehicleTakingPriority">
      <trigger_point x="-497.4" y="4884.0" z="375" yaw="90"/>
      <direction value="right"/>
    </scenario>
  </scenarios>
</route>