<?xml version="1.0" ?>
<route id="10" town="Town12">
  <weathers>
    <weather route_percentage="0" cloudiness="60.0" precipitation="60.0" precipitation_deposits="60.0" wetness="0.0" wind_intensity="60.0" sun_azimuth_angle="-1.0" sun_altitude_angle="45.0" fog_density="3.0"/>
    <weather route_percentage="100" cloudiness="80.0" precipitation="0.0" precipitation_deposits="50.0" wetness="20.0" wind_intensity="10.0" sun_azimuth_angle="-1.0" sun_altitude_angle="45.0" fog_density="3.0"/>
  </weathers>
  <waypoints>
    <position x="3588.9" y="4596.0" z="368.1"/>
    <position x="3447.8" y="4764.7" z="368.0"/>
    <position x="3409.5" y="4990.1" z="367.7"/>
  </waypoints>
  <scenarios>
    <scenario name="ParkingCutIn_3" type="ParkingCutIn">
      <trigger_point x="3455.5" y="4719.2" z="368.0" yaw="99.6"/>
    </scenario>
  </scenarios>
</route>