<?xml version="1.0" ?>
<route id="0" town="Town12">
  <weathers>
    <weather route_percentage="0" cloudiness="5.0" precipitation="0.0" precipitation_deposits="0.0" wetness="0.0" wind_intensity="10.0" sun_azimuth_angle="-1.0" sun_altitude_angle="90.0" fog_density="2.0"/>
    <weather route_percentage="100" cloudiness="5.0" precipitation="0.0" precipitation_deposits="0.0" wetness="0.0" wind_intensity="10.0" sun_azimuth_angle="-1.0" sun_altitude_angle="15.0" fog_density="2.0"/>
  </weathers>
  <waypoints>
    <position x="-218.7" y="5271.0" z="373.0"/>
    <position x="-163.9" y="5404.6" z="372.0"/>
    <position x="75.0" y="5587.0" z="367.2"/>
  </waypoints>
  <scenarios>
    <scenario name="ConstructionObstacle_2" type="ConstructionObstacle">
      <trigger_point x="-119.5" y="5505.3" z="370" yaw="66"/>
    </scenario>
  </scenarios>
</route>