<?xml version="1.0" ?>
<route id="11" town="Town12">
  <weathers>
    <weather route_percentage="0" cloudiness="5.0" precipitation="0.0" precipitation_deposits="50.0" wetness="0.0" wind_intensity="10.0" sun_azimuth_angle="-1.0" sun_altitude_angle="15.0" fog_density="10.0"/>
    <weather route_percentage="100" cloudiness="5.0" precipitation="0.0" precipitation_deposits="0.0" wetness="0.0" wind_intensity="10.0" sun_azimuth_angle="-1.0" sun_altitude_angle="45.0" fog_density="2.0"/>
  </weathers>
  <waypoints>
    <position x="-863.4" y="5616.2" z="375.6"/>
    <position x="-818.0" y="5543.7" z="375.8"/>
    <position x="-818.7" y="5159.7" z="376.3"/>
  </waypoints>
  <scenarios>
    <scenario name="ParkedObstacle_6" type="ParkedObstacle">
      <trigger_point x="-818.1" y="5528.3" z="375.9" yaw="269.9"/>
    </scenario>
  </scenarios>
</route>