<?xml version="1.0" ?>
<route id="3" town="Town12">
  <weathers>
    <weather route_percentage="0" cloudiness="5.0" precipitation="0.0" precipitation_deposits="50.0" wetness="0.0" wind_intensity="10.0" sun_azimuth_angle="-1.0" sun_altitude_angle="15.0" fog_density="10.0"/>
    <weather route_percentage="100" cloudiness="5.0" precipitation="0.0" precipitation_deposits="0.0" wetness="0.0" wind_intensity="10.0" sun_azimuth_angle="-1.0" sun_altitude_angle="45.0" fog_density="2.0"/>
  </weathers>
  <waypoints>
    <position x="530.6" y="3594.9" z="370.1"/>
    <position x="355.9" y="3546.5" z="365.9"/>
    <position x="105.4" y="3489.3" z="359.1"/>
  </waypoints>
  <scenarios>
    <scenario name="ParkingCutIn_5" type="ParkingCutIn">
      <trigger_point x="355.9" y="3553.5" z="366.0" yaw="-90.0"/>
    </scenario>
  </scenarios>
</route>