<?xml version="1.0" ?>
<route id="15" town="Town12">
  <weathers>
    <weather route_percentage="0" cloudiness="5.0" precipitation="0.0" precipitation_deposits="50.0" wetness="0.0" wind_intensity="10.0" sun_azimuth_angle="-1.0" sun_altitude_angle="15.0" fog_density="10.0"/>
    <weather route_percentage="100" cloudiness="5.0" precipitation="0.0" precipitation_deposits="0.0" wetness="0.0" wind_intensity="10.0" sun_azimuth_angle="-1.0" sun_altitude_angle="45.0" fog_density="2.0"/>
  </weathers>
  <waypoints>
    <position x="3861.8" y="5470.1" z="367.3"/>
    <position x="3792.2" y="5892.6" z="367.1"/>
    <position x="3729.2" y="6113.4" z="367.4"/>
  </waypoints>
  <scenarios>
    <scenario name="YieldToEmergencyVehicle_1" type="YieldToEmergencyVehicle">
      <trigger_point x="3827.2" y="5688.6" z="367.3" yaw="99.7"/>
      <distance value="120"/>
    </scenario>
  </scenarios>
</route>