<?xml version="1.0" ?>
<route id="11" town="Town12">
  <weathers>
    <weather route_percentage="0" cloudiness="5.0" precipitation="0.0" precipitation_deposits="50.0" wetness="0.0" wind_intensity="10.0" sun_azimuth_angle="-1.0" sun_altitude_angle="15.0" fog_density="10.0"/>
    <weather route_percentage="100" cloudiness="5.0" precipitation="0.0" precipitation_deposits="0.0" wetness="0.0" wind_intensity="10.0" sun_azimuth_angle="-1.0" sun_altitude_angle="45.0" fog_density="2.0"/>
  </weathers>
  <waypoints>
    <position x="-829.8" y="4425.2" z="369.4"/>
    <position x="-944.6" y="4634.6" z="365.1"/>
    <position x="-1564.6" y="4880.6" z="376.8"/>
  </waypoints>
  <scenarios>
    <scenario name="ParkedObstacle_4" type="ParkedObstacle">
      <trigger_point x="-1150.5" y="4842.0" z="369.8" yaw="134.8"/>
      <distance value="80"/>
      <direction value="right"/>
      <speed value="60"/>
    </scenario>
  </scenarios>
</route>