<?xml version="1.0" ?>
<route id="15" town="Town12">
  <weathers>
    <weather route_percentage="0" cloudiness="5.0" precipitation="0.0" precipitation_deposits="50.0" wetness="0.0" wind_intensity="10.0" sun_azimuth_angle="-1.0" sun_altitude_angle="15.0" fog_density="10.0"/>
    <weather route_percentage="100" cloudiness="5.0" precipitation="0.0" precipitation_deposits="0.0" wetness="0.0" wind_intensity="10.0" sun_azimuth_angle="-1.0" sun_altitude_angle="45.0" fog_density="2.0"/>
  </weathers>
  <waypoints>
    <position x="-1591.2" y="6463.8" z="372.9"/>
    <position x="-2117.1" y="6468.0" z="377.4"/>
    <position x="-2224.1" y="6377.9" z="378.1"/>
  </waypoints>
  <scenarios>
    <scenario name="StaticCutIn_7" type="StaticCutIn">
      <trigger_point x="-2027.2" y="6506.6" z="376.8" yaw="196.3"/>
      <distance value="150"/>
      <direction value="right"/>
    </scenario>
  </scenarios>
</route>