<?xml version="1.0" ?>
<route id="2" town="Town12">
  <weathers>
    <weather route_percentage="0" cloudiness="60.0" precipitation="60.0" precipitation_deposits="60.0" wetness="0.0" wind_intensity="60.0" sun_azimuth_angle="-1.0" sun_altitude_angle="45.0" fog_density="3.0"/>
    <weather route_percentage="100" cloudiness="80.0" precipitation="0.0" precipitation_deposits="50.0" wetness="20.0" wind_intensity="10.0" sun_azimuth_angle="-1.0" sun_altitude_angle="45.0" fog_density="3.0"/>
  </weathers>
  <waypoints>
    <position x="-70.2" y="3656.3" z="364.1"/>
    <position x="-116.9" y="3489.5" z="365.8"/>
    <position x="-179.7" y="3593.1" z="366.2"/>
  </waypoints>
  <scenarios>
    <scenario name="PedestrianCrossing_3" type="PedestrianCrossing">
      <trigger_point x="-70.3" y="3529.4" z="364.2" yaw="-90.1"/>
    </scenario>
  </scenarios>
</route>