<?xml version="1.0" ?>
<route id="14" town="Town12">
  <weathers>
    <weather route_percentage="0" cloudiness="60.0" precipitation="60.0" precipitation_deposits="60.0" wetness="0.0" wind_intensity="60.0" sun_azimuth_angle="-1.0" sun_altitude_angle="45.0" fog_density="3.0"/>
    <weather route_percentage="100" cloudiness="80.0" precipitation="0.0" precipitation_deposits="50.0" wetness="20.0" wind_intensity="10.0" sun_azimuth_angle="-1.0" sun_altitude_angle="45.0" fog_density="3.0"/>
  </weathers>
  <waypoints>
    <position x="2399.0" y="4166.5" z="358.7"/>
    <position x="2311.1" y="4084.6" z="357.3"/>
    <position x="2009.2" y="4057.2" z="358.6"/>
  </waypoints>
  <scenarios>
    <scenario name="VehicleTurningRoutePedestrian_2" type="VehicleTurningRoutePedestrian">
      <trigger_point x="2312.6" y="4074.2" z="357.2" yaw="277.8"/>
    </scenario>
  </scenarios>
</route>