<?xml version="1.0" ?>
<route id="12" town="Town12">
  <weathers>
    <weather route_percentage="0" cloudiness="5.0" precipitation="0.0" precipitation_deposits="0.0" wetness="0.0" wind_intensity="10.0" sun_azimuth_angle="-1.0" sun_altitude_angle="90.0" fog_density="2.0"/>
    <weather route_percentage="100" cloudiness="5.0" precipitation="0.0" precipitation_deposits="0.0" wetness="0.0" wind_intensity="10.0" sun_azimuth_angle="-1.0" sun_altitude_angle="15.0" fog_density="2.0"/>
  </weathers>
  <waypoints>
    <position x="-669.1" y="6342.0" z="360.0"/>
    <position x="-748.0" y="6338.9" z="361.2"/>
    <position x="-673.2" y="6231.1" z="360.9"/>
  </waypoints>
  <scenarios>
    <scenario name="SignalizedJunctionRightTurn_2" type="SignalizedJunctionRightTurn">
      <trigger_point x="-754.5" y="6338.9" z="361.3" yaw="179.7"/>
      <flow_speed value="10"/>
      <source_dist_interval from="10" to="35"/>
    </scenario>
  </scenarios>
</route>