<?xml version="1.0" ?>
<route id="11" town="Town12">
  <weathers>
    <weather route_percentage="0" cloudiness="5.0" precipitation="0.0" precipitation_deposits="50.0" wetness="0.0" wind_intensity="10.0" sun_azimuth_angle="-1.0" sun_altitude_angle="15.0" fog_density="10.0"/>
    <weather route_percentage="100" cloudiness="5.0" precipitation="0.0" precipitation_deposits="0.0" wetness="0.0" wind_intensity="10.0" sun_azimuth_angle="-1.0" sun_altitude_angle="45.0" fog_density="2.0"/>
  </weathers>
  <waypoints>
    <position x="157.1" y="4290.2" z="371.6"/>
    <position x="-102.3" y="4291.7" z="372.8"/>
    <position x="-600.2" y="4294.7" z="373.6"/>
  </waypoints>
  <scenarios>
    <scenario name="ConstructionObstacle_4" type="ConstructionObstacle">
      <trigger_point x="-28.5" y="4291.3" z="372.5" yaw="179.7"/>
    </scenario>
  </scenarios>
</route>