<?xml version="1.0" ?>
<route id="11" town="Town12">
  <weathers>
    <weather route_percentage="0" cloudiness="5.0" precipitation="0.0" precipitation_deposits="50.0" wetness="0.0" wind_intensity="10.0" sun_azimuth_angle="-1.0" sun_altitude_angle="15.0" fog_density="10.0"/>
    <weather route_percentage="100" cloudiness="5.0" precipitation="0.0" precipitation_deposits="0.0" wetness="0.0" wind_intensity="10.0" sun_azimuth_angle="-1.0" sun_altitude_angle="45.0" fog_density="2.0"/>
  </weathers>
  <waypoints>
    <position x="-944.6" y="4634.6" z="365.1"/>
    <position x="-1564.6" y="4880.6" z="376.8"/>
    <position x="-1671.5" y="5019.9" z="377.2"/>
  </waypoints>
  <scenarios>
    <scenario name="SignalizedJunctionLeftTurn_1" type="SignalizedJunctionLeftTurn">
      <trigger_point x="-1587.1" y="4883.8" z="376.9" yaw="180.3"/>
      <flow_speed value="14"/>
      <source_dist_interval from="20" to="70"/>
    </scenario>
  </scenarios>
</route>