<?xml version="1.0" ?>
<route id="0" town="Town12">
  <weathers>
    <weather route_percentage="0" cloudiness="5.0" precipitation="0.0" precipitation_deposits="0.0" wetness="0.0" wind_intensity="10.0" sun_azimuth_angle="-1.0" sun_altitude_angle="90.0" fog_density="2.0"/>
    <weather route_percentage="100" cloudiness="5.0" precipitation="0.0" precipitation_deposits="0.0" wetness="0.0" wind_intensity="10.0" sun_azimuth_angle="-1.0" sun_altitude_angle="15.0" fog_density="2.0"/>
  </weathers>
  <waypoints>
    <position x="-222.5" y="4944.1" z="374.0"/>
    <position x="-223.4" y="4834.8" z="374.0"/>
    <position x="-586.4" y="4834.7" z="375.0"/>
  </waypoints>
  <scenarios>
    <scenario name="NonSignalizedJunctionLeftTurn_4" type="NonSignalizedJunctionLeftTurn">
      <trigger_point x="-175.1" y="4878.7" z="373.6" yaw="276.5"/>
      <flow_speed value="10"/>
      <source_dist_interval from="10" to="60"/>
    </scenario>
  </scenarios>
</route>