<?xml version="1.0" ?>
<route id="1" town="Town12">
  <weathers>
    <weather route_percentage="0" cloudiness="20.0" precipitation="30.0" precipitation_deposits="50.0" wetness="0.0" wind_intensity="30.0" sun_azimuth_angle="-1.0" sun_altitude_angle="45.0" fog_density="3.0"/>
    <weather route_percentage="100" cloudiness="60.0" precipitation="60.0" precipitation_deposits="60.0" wetness="0.0" wind_intensity="60.0" sun_azimuth_angle="-1.0" sun_altitude_angle="45.0" fog_density="3.0"/>
  </weathers>
  <waypoints>
    <position x="-971.9" y="3781.6" z="361.0"/>
    <position x="-1141.6" y="3797.0" z="353.0"/>
    <position x="-1197.5" y="3757.7" z="353.0"/>
  </waypoints>
  <scenarios>
    <scenario name="OppositeVehicleTakingPriority_2" type="OppositeVehicleTakingPriority">
      <trigger_point x="-1130.5" y="3758.9" z="353.8" yaw="90.0"/>
      <direction value="left"/>
    </scenario>
  </scenarios>
</route>