<?xml version="1.0" ?>
<route id="14" town="Town12">
  <weathers>
    <weather route_percentage="0" cloudiness="60.0" precipitation="60.0" precipitation_deposits="60.0" wetness="0.0" wind_intensity="60.0" sun_azimuth_angle="-1.0" sun_altitude_angle="45.0" fog_density="3.0"/>
    <weather route_percentage="100" cloudiness="80.0" precipitation="0.0" precipitation_deposits="50.0" wetness="20.0" wind_intensity="10.0" sun_azimuth_angle="-1.0" sun_altitude_angle="45.0" fog_density="3.0"/>
  </weathers>
  <waypoints>
    <position x="1395.4" y="4121.7" z="362.2"/>
    <position x="1097.6" y="4033.1" z="367.1"/>
    <position x="1235.7" y="3984.5" z="364.8"/>
  </waypoints>
  <scenarios>
    <scenario name="SignalizedJunctionRightTurn_2" type="SignalizedJunctionRightTurn">
      <trigger_point x="1100.1" y="4017.7" z="367.1" yaw="279.0"/>
      <flow_speed value="12"/>
      <source_dist_interval from="15" to="60"/>
    </scenario>
  </scenarios>
</route>