<?xml version="1.0" ?>
<route id="13" town="Town12">
  <weathers>
    <weather route_percentage="0" cloudiness="20.0" precipitation="30.0" precipitation_deposits="50.0" wetness="0.0" wind_intensity="30.0" sun_azimuth_angle="-1.0" sun_altitude_angle="45.0" fog_density="3.0"/>
    <weather route_percentage="100" cloudiness="60.0" precipitation="60.0" precipitation_deposits="60.0" wetness="0.0" wind_intensity="60.0" sun_azimuth_angle="-1.0" sun_altitude_angle="45.0" fog_density="3.0"/>
  </weathers>
  <waypoints>
    <position x="2724.5" y="4874.1" z="367.2"/>
    <position x="2640.4" y="4678.8" z="364.7"/>
    <position x="2584.9" y="4325.8" z="360.1"/>
  </waypoints>
  <scenarios>
    <scenario name="VehicleTurningRoutePedestrian_3" type="VehicleTurningRoutePedestrian">
      <trigger_point x="2749.0" y="4723.2" z="365.5" yaw="279.4"/>
    </scenario>
  </scenarios>
</route>