<?xml version="1.0" ?>
<route id="15" town="Town12">
  <weathers>
    <weather route_percentage="0" cloudiness="5.0" precipitation="0.0" precipitation_deposits="50.0" wetness="0.0" wind_intensity="10.0" sun_azimuth_angle="-1.0" sun_altitude_angle="15.0" fog_density="10.0"/>
    <weather route_percentage="100" cloudiness="5.0" precipitation="0.0" precipitation_deposits="0.0" wetness="0.0" wind_intensity="10.0" sun_azimuth_angle="-1.0" sun_altitude_angle="45.0" fog_density="2.0"/>
  </weathers>
  <waypoints>
    <position x="3901.4" y="5227.8" z="367.4"/>
    <position x="3861.8" y="5470.1" z="367.3"/>
    <position x="3792.2" y="5892.6" z="367.1"/>
  </waypoints>
  <scenarios>
    <scenario name="StaticCutIn_1" type="StaticCutIn">
      <trigger_point x="3861.1" y="5494.1" z="367.3" yaw="100.1"/>
      <distance value="80"/>
      <direction value="right"/>
    </scenario>
  </scenarios>
</route>