<?xml version="1.0" ?>
<route id="10" town="Town12">
  <weathers>
    <weather route_percentage="0" cloudiness="60.0" precipitation="60.0" precipitation_deposits="60.0" wetness="0.0" wind_intensity="60.0" sun_azimuth_angle="-1.0" sun_altitude_angle="45.0" fog_density="3.0"/>
    <weather route_percentage="100" cloudiness="80.0" precipitation="0.0" precipitation_deposits="50.0" wetness="20.0" wind_intensity="10.0" sun_azimuth_angle="-1.0" sun_altitude_angle="45.0" fog_density="3.0"/>
  </weathers>
  <waypoints>
    <position x="2849.9" y="5538.0" z="369.4"/>
    <position x="2725.1" y="5626.2" z="369.7"/>
    <position x="2409.7" y="5492.6" z="370.2"/>
  </waypoints>
  <scenarios>
    <scenario name="ConstructionObstacle_1" type="ConstructionObstacle">
      <trigger_point x="2802.8" y="5638.9" z="369.6" yaw="189.2"/>
      <distance value="70"/>
      <direction value="right"/>
      <speed value="60"/>
    </scenario>
  </scenarios>
</route>