<?xml version="1.0" ?>
<route id="10" town="Town12">
  <weathers>
    <weather route_percentage="0" cloudiness="60.0" precipitation="60.0" precipitation_deposits="60.0" wetness="0.0" wind_intensity="60.0" sun_azimuth_angle="-1.0" sun_altitude_angle="45.0" fog_density="3.0"/>
    <weather route_percentage="100" cloudiness="80.0" precipitation="0.0" precipitation_deposits="50.0" wetness="20.0" wind_intensity="10.0" sun_azimuth_angle="-1.0" sun_altitude_angle="45.0" fog_density="3.0"/>
  </weathers>
  <waypoints>
    <position x="2841.9" y="4168.5" z="359.5"/>
    <position x="3149.5" y="4287.9" z="363.0"/>
    <position x="3086.8" y="4281.0" z="362.2"/>
  </waypoints>
  <scenarios>
    <scenario name="SignalizedJunctionLeftTurn_2" type="SignalizedJunctionLeftTurn">
      <trigger_point x="3125.2" y="4287.2" z="362.7" yaw="189.2"/>
      <flow_speed value="12"/>
      <source_dist_interval from="10" to="70"/>
    </scenario>
  </scenarios>
</route>